Grand Prix,Date,Winner,Car,Laps,Time,year
Great Britain,13 May 1950,Nino Farina FAR,Alfa Romeo,70,2:13:23.600,1950
Monaco,21 May 1950,Juan Manuel Fangio FAN,Alfa Romeo,100,3:13:18.700,1950
Indianapolis 500,30 May 1950,Johnnie  Parsons PAR,Kurtis Kraft Offenhauser,138,2:46:55.970,1950
Switzerland,04 Jun 1950,Nino Farina FAR,Alfa Romeo,42,2:02:53.700,1950
Belgium,18 Jun 1950,Juan Manuel Fangio FAN,Alfa Romeo,35,2:47:26.000,1950
France,02 Jul 1950,Juan Manuel Fangio FAN,Alfa Romeo,64,2:57:52.800,1950
Italy,03 Sep 1950,Nino Farina FAR,Alfa Romeo,80,2:51:17.400,1950
Switzerland,27 May 1951,Juan Manuel Fangio FAN,Alfa Romeo,42,2:07:53.640,1951
Indianapolis 500,30 May 1951,Lee Wallard WAL,Kurtis Kraft Offenhauser,200,3:57:38.050,1951
Belgium,17 Jun 1951,Nino Farina FAR,Alfa Romeo,36,2:45:46.200,1951
France,01 Jul 1951,Juan Manuel Fangio FAN,Alfa Romeo,77,3:22:11.000,1951
France,01 Jul 1951,Luigi Fagioli FAG,Alfa Romeo,null,1951
Great Britain,14 Jul 1951,Jose Froilan Gonzalez GON,Ferrari,90,2:42:18.200,1951
Germany,29 Jul 1951,Alberto Ascari ASC,Ferrari,20,3:23:03.300,1951
Italy,16 Sep 1951,Alberto Ascari ASC,Ferrari,80,2:42:39.300,1951
Spain,28 Oct 1951,Juan Manuel Fangio FAN,Alfa Romeo,70,2:46:54.100,1951
Switzerland,18 May 1952,Piero  Taruffi TAR,Ferrari,62,3:01:46.100,1952
Indianapolis 500,30 May 1952,Troy Ruttman RUT,Kuzma Offenhauser,200,3:52:41.880,1952
Belgium,22 Jun 1952,Alberto Ascari ASC,Ferrari,36,3:03:46.300,1952
France,06 Jul 1952,Alberto Ascari ASC,Ferrari,77,3:00:00.000,1952
Great Britain,19 Jul 1952,Alberto Ascari ASC,Ferrari,85,2:44:11.000,1952
Germany,03 Aug 1952,Alberto Ascari ASC,Ferrari,18,3:06:13.300,1952
Netherlands,17 Aug 1952,Alberto Ascari ASC,Ferrari,90,2:53:28.500,1952
Italy,07 Sep 1952,Alberto Ascari ASC,Ferrari,80,2:50:45.600,1952
Argentina,18 Jan 1953,Alberto Ascari ASC,Ferrari,97,3:01:04.600,1953
Indianapolis 500,30 May 1953,Bill  Vukovich  VUK,Kurtis Kraft Offenhauser,200,3:53:01.690,1953
Netherlands,07 Jun 1953,Alberto Ascari ASC,Ferrari,90,2:53:35.800,1953
Belgium,21 Jun 1953,Alberto Ascari ASC,Ferrari,36,2:48:30.300,1953
France,05 Jul 1953,Mike Hawthorn HAW,Ferrari,60,2:44:18.600,1953
Great Britain,18 Jul 1953,Alberto Ascari ASC,Ferrari,90,2:50:00.000,1953
Germany,02 Aug 1953,Nino Farina FAR,Ferrari,18,3:02:25.000,1953
Switzerland,23 Aug 1953,Alberto Ascari ASC,Ferrari,65,3:01:34.400,1953
Italy,13 Sep 1953,Juan Manuel Fangio FAN,Maserati,80,2:49:45.900,1953
Argentina,17 Jan 1954,Juan Manuel Fangio FAN,Maserati,87,3:00:55.800,1954
Indianapolis 500,31 May 1954,Bill  Vukovich  VUK,Kurtis Kraft Offenhauser,200,3:49:17.270,1954
Belgium,20 Jun 1954,Juan Manuel Fangio FAN,Maserati,36,2:44:42.400,1954
France,04 Jul 1954,Juan Manuel Fangio FAN,Mercedes-Benz,61,2:42:47.900,1954
Great Britain,17 Jul 1954,Jose Froilan Gonzalez GON,Ferrari,90,2:56:14.000,1954
Germany,01 Aug 1954,Juan Manuel Fangio FAN,Mercedes-Benz,22,3:45:45.800,1954
Switzerland,22 Aug 1954,Juan Manuel Fangio FAN,Mercedes-Benz,66,3:00:34.500,1954
Italy,05 Sep 1954,Juan Manuel Fangio FAN,Mercedes-Benz,80,2:47:47.900,1954
Spain,24 Oct 1954,Mike Hawthorn HAW,Ferrari,80,3:13:52.100,1954
Argentina,16 Jan 1955,Juan Manuel Fangio FAN,Mercedes-Benz,96,3:00:38.600,1955
Monaco,22 May 1955,Maurice  Trintignant TRI,Ferrari,100,2:58:09.700,1955
Indianapolis 500,30 May 1955,Bob Sweikert SWE,Kurtis Kraft Offenhauser,200,3:53:59.530,1955
Belgium,05 Jun 1955,Juan Manuel Fangio FAN,Mercedes-Benz,36,2:39:29.000,1955
Netherlands,19 Jun 1955,Juan Manuel Fangio FAN,Mercedes-Benz,100,2:54:23.800,1955
Great Britain,16 Jul 1955,Stirling Moss MOS,Mercedes-Benz,90,3:07:21.200,1955
Italy,11 Sep 1955,Juan Manuel Fangio FAN,Mercedes-Benz,50,2:25:04.400,1955
Argentina,22 Jan 1956,Luigi Musso MUS,Ferrari,null,1956
Argentina,22 Jan 1956,Juan Manuel Fangio FAN,Ferrari,98,3:00:03.700,1956
Monaco,13 May 1956,Stirling Moss MOS,Maserati,100,3:00:32.900,1956
Indianapolis 500,30 May 1956,Pat Flaherty FLA,Watson Offenhauser,200,3:53:28.840,1956
Belgium,03 Jun 1956,Peter Collins COL,Ferrari,36,2:40:00.300,1956
France,01 Jul 1956,Peter Collins COL,Ferrari,61,2:34:23.400,1956
Great Britain,14 Jul 1956,Juan Manuel Fangio FAN,Ferrari,101,2:59:47.000,1956
Germany,05 Aug 1956,Juan Manuel Fangio FAN,Ferrari,22,3:38:43.700,1956
Italy,02 Sep 1956,Stirling Moss MOS,Maserati,50,2:23:41.300,1956
Argentina,13 Jan 1957,Juan Manuel Fangio FAN,Maserati,100,3:00:55.900,1957
Monaco,19 May 1957,Juan Manuel Fangio FAN,Maserati,105,3:10:12.800,1957
Indianapolis 500,30 May 1957,Sam Hanks HAN,Epperly Offenhauser,200,3:41:14.250,1957
France,07 Jul 1957,Juan Manuel Fangio FAN,Maserati,77,3:07:46.400,1957
Great Britain,20 Jul 1957,Stirling Moss MOS,Vanwall,90,3:06:37.800,1957
Great Britain,20 Jul 1957,Tony Brooks BRO,Vanwall,null,1957
Germany,04 Aug 1957,Juan Manuel Fangio FAN,Maserati,22,3:30:38.300,1957
Pescara,18 Aug 1957,Stirling Moss MOS,Vanwall,18,2:59:22.700,1957
Italy,08 Sep 1957,Stirling Moss MOS,Vanwall,87,2:35:03.900,1957
Argentina,19 Jan 1958,Stirling Moss MOS,Cooper Climax,80,2:19:33.700,1958
Monaco,18 May 1958,Maurice  Trintignant TRI,Cooper Climax,100,2:52:27.900,1958
Netherlands,26 May 1958,Stirling Moss MOS,Vanwall,75,2:04:49.200,1958
Indianapolis 500,30 May 1958,Jimmy Bryan BRY,Epperly Offenhauser,200,3:44:13.800,1958
Belgium,15 Jun 1958,Tony Brooks BRO,Vanwall,24,1:37:06.300,1958
France,06 Jul 1958,Mike Hawthorn HAW,Ferrari,50,2:03:21.300,1958
Great Britain,19 Jul 1958,Peter Collins COL,Ferrari,75,2:09:04.200,1958
Germany,03 Aug 1958,Tony Brooks BRO,Vanwall,15,2:21:15.000,1958
Portugal,24 Aug 1958,Stirling Moss MOS,Vanwall,50,2:11:27.800,1958
Italy,07 Sep 1958,Tony Brooks BRO,Vanwall,70,2:03:47.800,1958
Morocco,19 Oct 1958,Stirling Moss MOS,Vanwall,53,2:09:15.100,1958
Monaco,10 May 1959,Jack Brabham BRA,Cooper Climax,100,2:55:51.300,1959
Indianapolis 500,30 May 1959,Rodger Ward WAR,Watson Offenhauser,200,3:40:49.200,1959
Netherlands,31 May 1959,Jo Bonnier BON,BRM,75,2:05:26.800,1959
France,05 Jul 1959,Tony Brooks BRO,Ferrari,50,2:01:26.500,1959
Great Britain,18 Jul 1959,Jack Brabham BRA,Cooper Climax,75,2:30:11.600,1959
Germany,02 Aug 1959,Tony Brooks BRO,Ferrari,60,2:09:31.600,1959
Portugal,23 Aug 1959,Stirling Moss MOS,Cooper Climax,62,2:11:55.410,1959
Italy,13 Sep 1959,Stirling Moss MOS,Cooper Climax,72,2:04:05.400,1959
United States,12 Dec 1959,Bruce McLaren MCL,Cooper Climax,42,2:12:35.700,1959
Argentina,07 Feb 1960,Bruce McLaren MCL,Cooper Climax,80,2:17:49.500,1960
Monaco,29 May 1960,Stirling Moss MOS,Lotus Climax,100,2:53:45.500,1960
Indianapolis 500,30 May 1960,Jim Rathmann RAT,Watson Offenhauser,200,3:36:11.360,1960
Netherlands,06 Jun 1960,Jack Brabham BRA,Cooper Climax,75,2:01:47.200,1960
Belgium,19 Jun 1960,Jack Brabham BRA,Cooper Climax,36,2:21:37.300,1960
France,03 Jul 1960,Jack Brabham BRA,Cooper Climax,50,1:57:24.900,1960
Great Britain,16 Jul 1960,Jack Brabham BRA,Cooper Climax,77,2:04:24.600,1960
Portugal,14 Aug 1960,Jack Brabham BRA,Cooper Climax,55,2:19:00.030,1960
Italy,04 Sep 1960,Phil Hill HIL,Ferrari,50,2:21:09.200,1960
United States,20 Nov 1960,Stirling Moss MOS,Lotus Climax,75,2:28:52.200,1960
Monaco,14 May 1961,Stirling Moss MOS,Lotus Climax,100,2:45:50.100,1961
Netherlands,22 May 1961,Wolfgang von Trips VON,Ferrari,75,2:01:52.100,1961
Belgium,18 Jun 1961,Phil Hill HIL,Ferrari,30,2:03:03.800,1961
France,02 Jul 1961,Giancarlo Baghetti BAG,Ferrari,52,2:14:17.500,1961
Great Britain,15 Jul 1961,Wolfgang von Trips VON,Ferrari,75,2:40:53.600,1961
Germany,06 Aug 1961,Stirling Moss MOS,Lotus Climax,15,2:18:12.400,1961
Italy,10 Sep 1961,Phil Hill HIL,Ferrari,43,2:03:13.000,1961
United States,08 Oct 1961,Innes Ireland IRE,Lotus Climax,100,2:13:45.800,1961
Netherlands,20 May 1962,Graham Hill HIL,BRM,80,2:11:02.100,1962
Monaco,03 Jun 1962,Bruce McLaren MCL,Cooper Climax,100,2:46:29.700,1962
Belgium,17 Jun 1962,Jim Clark CLA,Lotus Climax,32,2:07:32.300,1962
France,08 Jul 1962,Dan Gurney GUR,Porsche,54,2:07:35.500,1962
Great Britain,21 Jul 1962,Jim Clark CLA,Lotus Climax,75,2:26:20.800,1962
Germany,05 Aug 1962,Graham Hill HIL,BRM,15,2:38:45.300,1962
Italy,16 Sep 1962,Graham Hill HIL,BRM,86,2:29:08.400,1962
United States,07 Oct 1962,Jim Clark CLA,Lotus Climax,100,2:07:13.000,1962
South Africa,29 Dec 1962,Graham Hill HIL,BRM,82,2:08:03.300,1962
Monaco,26 May 1963,Graham Hill HIL,BRM,100,2:41:49.700,1963
Belgium,09 Jun 1963,Jim Clark CLA,Lotus Climax,32,2:27:47.600,1963
Netherlands,23 Jun 1963,Jim Clark CLA,Lotus Climax,80,2:08:13.700,1963
France,30 Jun 1963,Jim Clark CLA,Lotus Climax,53,2:10:54.300,1963
Great Britain,20 Jul 1963,Jim Clark CLA,Lotus Climax,82,2:14:09.600,1963
Germany,04 Aug 1963,John Surtees SUR,Ferrari,15,2:13:06.800,1963
Italy,08 Sep 1963,Jim Clark CLA,Lotus Climax,86,2:24:19.600,1963
United States,06 Oct 1963,Graham Hill HIL,BRM,110,2:19:22.100,1963
Mexico,27 Oct 1963,Jim Clark CLA,Lotus Climax,65,2:09:52.100,1963
South Africa,28 Dec 1963,Jim Clark CLA,Lotus Climax,85,2:10:36.900,1963
Monaco,10 May 1964,Graham Hill HIL,BRM,100,2:41:19.500,1964
Netherlands,24 May 1964,Jim Clark CLA,Lotus Climax,80,2:07:35.400,1964
Belgium,14 Jun 1964,Jim Clark CLA,Lotus Climax,32,2:06:40.500,1964
France,28 Jun 1964,Dan Gurney GUR,Brabham Climax,57,2:07:49.100,1964
Great Britain,11 Jul 1964,Jim Clark CLA,Lotus Climax,80,2:15:07.000,1964
Germany,02 Aug 1964,John Surtees SUR,Ferrari,15,2:12:04.800,1964
Austria,23 Aug 1964,Lorenzo Bandini BAN,Ferrari,105,2:06:18.230,1964
Italy,06 Sep 1964,John Surtees SUR,Ferrari,78,2:10:51.800,1964
United States,04 Oct 1964,Graham Hill HIL,BRM,110,2:16:38.000,1964
Mexico,25 Oct 1964,Dan Gurney GUR,Brabham Climax,65,2:09:50.320,1964
South Africa,01 Jan 1965,Jim Clark CLA,Lotus Climax,85,2:06:46.000,1965
Monaco,30 May 1965,Graham Hill HIL,BRM,100,2:37:39.600,1965
Belgium,13 Jun 1965,Jim Clark CLA,Lotus Climax,32,2:23:34.800,1965
France,27 Jun 1965,Jim Clark CLA,Lotus Climax,40,2:14:38.400,1965
Great Britain,10 Jul 1965,Jim Clark CLA,Lotus Climax,80,2:05:25.400,1965
Netherlands,18 Jul 1965,Jim Clark CLA,Lotus Climax,80,2:03:59.100,1965
Germany,01 Aug 1965,Jim Clark CLA,Lotus Climax,15,2:07:52.400,1965
Italy,12 Sep 1965,Jackie Stewart STE,BRM,76,2:04:52.800,1965
United States,03 Oct 1965,Graham Hill HIL,BRM,110,2:20:36.100,1965
Mexico,24 Oct 1965,Richie Ginther GIN,Honda,65,2:08:32.100,1965
Monaco,22 May 1966,Jackie Stewart STE,BRM,100,2:33:10.500,1966
Belgium,12 Jun 1966,John Surtees SUR,Ferrari,28,2:09:11.300,1966
France,03 Jul 1966,Jack Brabham BRA,Brabham Repco,48,1:48:31.300,1966
Great Britain,16 Jul 1966,Jack Brabham BRA,Brabham Repco,80,2:13:13.400,1966
Netherlands,24 Jul 1966,Jack Brabham BRA,Brabham Repco,90,2:20:32.500,1966
Germany,07 Aug 1966,Jack Brabham BRA,Brabham Repco,15,2:27:03.000,1966
Italy,04 Sep 1966,Ludovico Scarfiotti SCA,Ferrari,68,1:47:14.800,1966
United States,02 Oct 1966,Jim Clark CLA,Lotus BRM,108,2:09:40.100,1966
Mexico,23 Oct 1966,John Surtees SUR,Cooper Maserati,65,2:06:35.340,1966
South Africa,02 Jan 1967,Pedro Rodriguez ROD,Cooper Maserati,80,2:05:45.900,1967
Monaco,07 May 1967,Denny Hulme HUL,Brabham Repco,100,2:34:34.300,1967
Netherlands,04 Jun 1967,Jim Clark CLA,Lotus Ford,90,2:14:45.100,1967
Belgium,18 Jun 1967,Dan Gurney GUR,Eagle Weslake,28,1:40:49.400,1967
France,02 Jul 1967,Jack Brabham BRA,Brabham Repco,80,2:13:21.300,1967
Great Britain,15 Jul 1967,Jim Clark CLA,Lotus Ford,80,1:59:25.600,1967
Germany,06 Aug 1967,Denny Hulme HUL,Brabham Repco,15,2:05:55.700,1967
Canada,27 Aug 1967,Jack Brabham BRA,Brabham Repco,90,2:40:40.000,1967
Italy,10 Sep 1967,John Surtees SUR,Honda,68,1:43:45.000,1967
United States,01 Oct 1967,Jim Clark CLA,Lotus Ford,108,2:03:13.200,1967
Mexico,22 Oct 1967,Jim Clark CLA,Lotus Ford,65,1:59:28.700,1967
South Africa,01 Jan 1968,Jim Clark CLA,Lotus Ford,80,1:53:56.600,1968
Spain,12 May 1968,Graham Hill HIL,Lotus Ford,90,2:15:20.100,1968
Monaco,26 May 1968,Graham Hill HIL,Lotus Ford,80,2:00:32.300,1968
Belgium,09 Jun 1968,Bruce McLaren MCL,McLaren Ford,28,1:40:02.100,1968
Netherlands,23 Jun 1968,Jackie Stewart STE,Matra Ford,90,2:46:11.260,1968
France,07 Jul 1968,Jacky Ickx ICK,Ferrari,60,2:25:40.900,1968
Great Britain,20 Jul 1968,Jo Siffert SIF,Lotus Ford,80,2:01:20.300,1968
Germany,04 Aug 1968,Jackie Stewart STE,Matra Ford,14,2:19:03.200,1968
Italy,08 Sep 1968,Denny Hulme HUL,McLaren Ford,68,1:40:14.800,1968
Canada,22 Sep 1968,Denny Hulme HUL,McLaren Ford,90,2:27:11.200,1968
United States,06 Oct 1968,Jackie Stewart STE,Matra Ford,108,1:59:20.290,1968
Mexico,03 Nov 1968,Graham Hill HIL,Lotus Ford,65,1:56:43.950,1968
South Africa,01 Mar 1969,Jackie Stewart STE,Matra Ford,80,1:50:39.100,1969
Spain,04 May 1969,Jackie Stewart STE,Matra Ford,90,2:16:53.990,1969
Monaco,18 May 1969,Graham Hill HIL,Lotus Ford,80,1:56:59.400,1969
Netherlands,21 Jun 1969,Jackie Stewart STE,Matra Ford,90,2:06:42.080,1969
France,06 Jul 1969,Jackie Stewart STE,Matra Ford,38,1:56:47.400,1969
Great Britain,19 Jul 1969,Jackie Stewart STE,Matra Ford,84,1:55:55.600,1969
Germany,03 Aug 1969,Jacky Ickx ICK,Brabham Ford,14,1:49:55.400,1969
Italy,07 Sep 1969,Jackie Stewart STE,Matra Ford,68,1:39:11.260,1969
Canada,20 Sep 1969,Jacky Ickx ICK,Brabham Ford,90,1:59:25.700,1969
United States,05 Oct 1969,Jochen Rindt RIN,Lotus Ford,108,1:57:56.840,1969
Mexico,19 Oct 1969,Denny Hulme HUL,McLaren Ford,65,1:54:08.800,1969
South Africa,07 Mar 1970,Jack Brabham BRA,Brabham Ford,80,1:49:34.600,1970
Spain,19 Apr 1970,Jackie Stewart STE,March Ford,90,2:10:58.200,1970
Monaco,10 May 1970,Jochen Rindt RIN,Lotus Ford,80,1:54:36.600,1970
Belgium,07 Jun 1970,Pedro Rodriguez ROD,BRM,28,1:38:09.900,1970
Netherlands,21 Jun 1970,Jochen Rindt RIN,Lotus Ford,80,1:50:43.410,1970
France,05 Jul 1970,Jochen Rindt RIN,Lotus Ford,38,1:55:57.000,1970
Great Britain,18 Jul 1970,Jochen Rindt RIN,Lotus Ford,80,1:57:02.000,1970
Germany,02 Aug 1970,Jochen Rindt RIN,Lotus Ford,50,1:42:00.300,1970
Austria,16 Aug 1970,Jacky Ickx ICK,Ferrari,60,1:42:17.320,1970
Italy,06 Sep 1970,Clay Regazzoni REG,Ferrari,68,1:39:06.880,1970
Canada,20 Sep 1970,Jacky Ickx ICK,Ferrari,90,2:21:18.400,1970
United States,04 Oct 1970,Emerson Fittipaldi FIT,Lotus Ford,108,1:57:32.790,1970
Mexico,25 Oct 1970,Jacky Ickx ICK,Ferrari,65,1:53:28.360,1970
South Africa,06 Mar 1971,Mario Andretti AND,Ferrari,79,1:47:35.500,1971
Spain,18 Apr 1971,Jackie Stewart STE,Tyrrell Ford,75,1:49:03.400,1971
Monaco,23 May 1971,Jackie Stewart STE,Tyrrell Ford,80,1:52:21.300,1971
Netherlands,20 Jun 1971,Jacky Ickx ICK,Ferrari,70,1:56:20.090,1971
France,04 Jul 1971,Jackie Stewart STE,Tyrrell Ford,55,1:46:41.680,1971
Great Britain,17 Jul 1971,Jackie Stewart STE,Tyrrell Ford,68,1:31:31.500,1971
Germany,01 Aug 1971,Jackie Stewart STE,Tyrrell Ford,12,1:29:15.700,1971
Austria,15 Aug 1971,Jo Siffert SIF,BRM,54,1:30:23.910,1971
Italy,05 Sep 1971,Peter  Gethin  GET,BRM,55,1:18:12.600,1971
Canada,19 Sep 1971,Jackie Stewart STE,Tyrrell Ford,64,1:55:12.900,1971
United States,03 Oct 1971,Francois  Cevert  CEV,Tyrrell Ford,59,1:43:51.991,1971
Argentina,23 Jan 1972,Jackie Stewart STE,Tyrrell Ford,95,1:57:58.820,1972
South Africa,04 Mar 1972,Denny Hulme HUL,McLaren Ford,79,1:45:49.100,1972
Spain,01 May 1972,Emerson Fittipaldi FIT,Lotus Ford,90,2:03:41.230,1972
Monaco,14 May 1972,Jean-Pierre Beltoise BEL,BRM,80,2:26:54.700,1972
Belgium,04 Jun 1972,Emerson Fittipaldi FIT,Lotus Ford,85,1:44:06.700,1972
France,02 Jul 1972,Jackie Stewart STE,Tyrrell Ford,38,1:52:21.500,1972
Great Britain,15 Jul 1972,Emerson Fittipaldi FIT,Lotus Ford,76,1:47:50.200,1972
Germany,30 Jul 1972,Jacky Ickx ICK,Ferrari,14,1:42:12.300,1972
Austria,13 Aug 1972,Emerson Fittipaldi FIT,Lotus Ford,54,1:29:16.660,1972
Italy,10 Sep 1972,Emerson Fittipaldi FIT,Lotus Ford,55,1:29:58.400,1972
Canada,24 Sep 1972,Jackie Stewart STE,Tyrrell Ford,80,1:43:16.900,1972
United States,08 Oct 1972,Jackie Stewart STE,Tyrrell Ford,59,1:41:45.354,1972
Argentina,28 Jan 1973,Emerson Fittipaldi FIT,Lotus Ford,96,1:56:18.220,1973
Brazil,11 Feb 1973,Emerson Fittipaldi FIT,Lotus Ford,40,1:43:55.600,1973
South Africa,03 Mar 1973,Jackie Stewart STE,Tyrrell Ford,79,1:43:11.070,1973
Spain,29 Apr 1973,Emerson Fittipaldi FIT,Lotus Ford,75,1:48:18.700,1973
Belgium,20 May 1973,Jackie Stewart STE,Tyrrell Ford,70,1:42:13.430,1973
Monaco,03 Jun 1973,Jackie Stewart STE,Tyrrell Ford,78,1:57:44.300,1973
Sweden,17 Jun 1973,Denny Hulme HUL,McLaren Ford,80,1:56:46.049,1973
France,01 Jul 1973,Ronnie Peterson PET,Lotus Ford,54,1:41:36.520,1973
Great Britain,14 Jul 1973,Peter   Revson REV,McLaren Ford,67,1:29:18.500,1973
Netherlands,29 Jul 1973,Jackie Stewart STE,Tyrrell Ford,72,1:39:12.450,1973
Germany,05 Aug 1973,Jackie Stewart STE,Tyrrell Ford,14,1:42:03.000,1973
Austria,19 Aug 1973,Ronnie Peterson PET,Lotus Ford,54,1:28:48.780,1973
Italy,09 Sep 1973,Ronnie Peterson PET,Lotus Ford,55,1:29:17.000,1973
Canada,23 Sep 1973,Peter   Revson REV,McLaren Ford,80,1:59:04.083,1973
United States,07 Oct 1973,Ronnie Peterson PET,Lotus Ford,59,1:41:15.799,1973
Argentina,13 Jan 1974,Denny Hulme HUL,McLaren Ford,53,1:41:02.010,1974
Brazil,27 Jan 1974,Emerson Fittipaldi FIT,McLaren Ford,32,1:24:37.060,1974
South Africa,30 Mar 1974,Carlos Reutemann REU,Brabham Ford,78,1:42:40.960,1974
Spain,28 Apr 1974,Niki Lauda LAU,Ferrari,84,2:00:29.560,1974
Belgium,12 May 1974,Emerson Fittipaldi FIT,McLaren Ford,85,1:44:20.570,1974
Monaco,26 May 1974,Ronnie Peterson PET,Lotus Ford,78,1:58:03.700,1974
Sweden,09 Jun 1974,Jody Scheckter SCH,Tyrrell Ford,80,1:58:31.391,1974
Netherlands,23 Jun 1974,Niki Lauda LAU,Ferrari,75,1:43:00.350,1974
France,07 Jul 1974,Ronnie Peterson PET,Lotus Ford,80,1:21:55.020,1974
Great Britain,20 Jul 1974,Jody Scheckter SCH,Tyrrell Ford,75,1:43:02.200,1974
Germany,04 Aug 1974,Clay Regazzoni REG,Ferrari,14,1:41:35.000,1974
Austria,18 Aug 1974,Carlos Reutemann REU,Brabham Ford,54,1:28:44.720,1974
Italy,08 Sep 1974,Ronnie Peterson PET,Lotus Ford,52,1:22:56.600,1974
Canada,22 Sep 1974,Emerson Fittipaldi FIT,McLaren Ford,80,1:40:26.136,1974
United States,06 Oct 1974,Carlos Reutemann REU,Brabham Ford,59,1:40:21.439,1974
Argentina,12 Jan 1975,Emerson Fittipaldi FIT,McLaren Ford,53,1:39:26.290,1975
Brazil,26 Jan 1975,Carlos Pace PAC,Brabham Ford,40,1:44:41.170,1975
South Africa,01 Mar 1975,Jody Scheckter SCH,Tyrrell Ford,78,1:43:16.900,1975
Spain,27 Apr 1975,Jochen Mass MAS,McLaren Ford,29,42:53.700,1975
Monaco,11 May 1975,Niki Lauda LAU,Ferrari,75,2:01:21.310,1975
Belgium,25 May 1975,Niki Lauda LAU,Ferrari,70,1:43:53.980,1975
Sweden,08 Jun 1975,Niki Lauda LAU,Ferrari,80,1:59:18.319,1975
Netherlands,22 Jun 1975,James Hunt HUN,Hesketh Ford,75,1:46:57.400,1975
France,06 Jul 1975,Niki Lauda LAU,Ferrari,54,1:40:18.840,1975
Great Britain,19 Jul 1975,Emerson Fittipaldi FIT,McLaren Ford,56,1:22:05.000,1975
Germany,03 Aug 1975,Carlos Reutemann REU,Brabham Ford,14,1:41:14.100,1975
Austria,17 Aug 1975,Vittorio Brambilla BRA,March Ford,29,57:56.690,1975
Italy,07 Sep 1975,Clay Regazzoni REG,Ferrari,52,1:22:42.600,1975
United States,05 Oct 1975,Niki Lauda LAU,Ferrari,59,1:42:58.175,1975
Brazil,25 Jan 1976,Niki Lauda LAU,Ferrari,40,1:45:16.780,1976
South Africa,06 Mar 1976,Niki Lauda LAU,Ferrari,78,1:42:18.400,1976
USA West,28 Mar 1976,Clay Regazzoni REG,Ferrari,80,1:53:18.471,1976
Spain,02 May 1976,James Hunt HUN,McLaren Ford,75,1:42:20.430,1976
Belgium,16 May 1976,Niki Lauda LAU,Ferrari,70,1:42:53.230,1976
Monaco,30 May 1976,Niki Lauda LAU,Ferrari,78,1:59:51.470,1976
Sweden,13 Jun 1976,Jody Scheckter SCH,Tyrrell Ford,72,1:46:53.729,1976
France,04 Jul 1976,James Hunt HUN,McLaren Ford,54,1:40:58.600,1976
Great Britain,18 Jul 1976,Niki Lauda LAU,Ferrari,76,1:44:19.660,1976
Germany,01 Aug 1976,James Hunt HUN,McLaren Ford,14,1:41:42.700,1976
Austria,15 Aug 1976,John Watson WAT,Penske Ford,54,1:30:07.860,1976
Netherlands,29 Aug 1976,James Hunt HUN,McLaren Ford,75,1:44:52.090,1976
Italy,12 Sep 1976,Ronnie Peterson PET,March Ford,52,1:30:35.600,1976
Canada,03 Oct 1976,James Hunt HUN,McLaren Ford,80,1:40:09.626,1976
USA East,10 Oct 1976,James Hunt HUN,McLaren Ford,59,1:42:40.741,1976
Japan,24 Oct 1976,Mario Andretti AND,Lotus Ford,73,1:43:58.860,1976
Argentina,09 Jan 1977,Jody Scheckter SCH,Wolf Ford,53,1:40:11.190,1977
Brazil,23 Jan 1977,Carlos Reutemann REU,Ferrari,40,1:45:07.720,1977
South Africa,05 Mar 1977,Niki Lauda LAU,Ferrari,78,1:42:21.600,1977
USA West,03 Apr 1977,Mario Andretti AND,Lotus Ford,80,1:51:35.470,1977
Spain,08 May 1977,Mario Andretti AND,Lotus Ford,75,1:42:52.220,1977
Monaco,22 May 1977,Jody Scheckter SCH,Wolf Ford,76,1:57:52.770,1977
Belgium,05 Jun 1977,Gunnar Nilsson NIL,Lotus Ford,70,1:55:05.710,1977
Sweden,19 Jun 1977,Jacques Laffite LAF,Ligier Matra,72,1:46:55.520,1977
France,03 Jul 1977,Mario Andretti AND,Lotus Ford,80,1:39:40.130,1977
Great Britain,16 Jul 1977,James Hunt HUN,McLaren Ford,68,1:31:46.060,1977
Germany,31 Jul 1977,Niki Lauda LAU,Ferrari,47,1:31:48.620,1977
Austria,14 Aug 1977,Alan  Jones JON,Shadow Ford,54,1:37:16.490,1977
Netherlands,28 Aug 1977,Niki Lauda LAU,Ferrari,75,1:41:45.930,1977
Italy,11 Sep 1977,Mario Andretti AND,Lotus Ford,52,1:27:50.300,1977
USA East,02 Oct 1977,James Hunt HUN,McLaren Ford,59,1:58:23.267,1977
Canada,09 Oct 1977,Jody Scheckter SCH,Wolf Ford,80,1:40:00.000,1977
Japan,23 Oct 1977,James Hunt HUN,McLaren Ford,73,1:31:51.680,1977
Argentina,15 Jan 1978,Mario Andretti AND,Lotus Ford,52,1:37:04.470,1978
Brazil,29 Jan 1978,Carlos Reutemann REU,Ferrari,63,1:49:59.860,1978
South Africa,04 Mar 1978,Ronnie Peterson PET,Lotus Ford,78,1:42:15.767,1978
USA West,02 Apr 1978,Carlos Reutemann REU,Ferrari,80,1:52:01.301,1978
Monaco,07 May 1978,Patrick Depailler DEP,Tyrrell Ford,75,1:55:14.660,1978
Belgium,21 May 1978,Mario Andretti AND,Lotus Ford,70,1:39:52.020,1978
Spain,04 Jun 1978,Mario Andretti AND,Lotus Ford,75,1:41:47.060,1978
Sweden,17 Jun 1978,Niki Lauda LAU,Brabham Alfa Romeo,70,1:41:00.606,1978
France,02 Jul 1978,Mario Andretti AND,Lotus Ford,54,1:38:51.920,1978
Great Britain,16 Jul 1978,Carlos Reutemann REU,Ferrari,76,1:42:12.390,1978
Germany,30 Jul 1978,Mario Andretti AND,Lotus Ford,45,1:28:00.900,1978
Austria,13 Aug 1978,Ronnie Peterson PET,Lotus Ford,54,1:41:21.570,1978
Netherlands,27 Aug 1978,Mario Andretti AND,Lotus Ford,75,1:41:04.230,1978
Italy,10 Sep 1978,Niki Lauda LAU,Brabham Alfa Romeo,40,1:07:04.540,1978
USA East,01 Oct 1978,Carlos Reutemann REU,Ferrari,59,1:40:48.800,1978
Canada,08 Oct 1978,Gilles Villeneuve VIL,Ferrari,70,1:57:49.196,1978
Argentina,21 Jan 1979,Jacques Laffite LAF,Ligier Ford,53,1:36:03.210,1979
Brazil,04 Feb 1979,Jacques Laffite LAF,Ligier Ford,40,1:40:09.640,1979
South Africa,03 Mar 1979,Gilles Villeneuve VIL,Ferrari,78,1:41:49.960,1979
USA West,08 Apr 1979,Gilles Villeneuve VIL,Ferrari,80,1:50:25.400,1979
Spain,29 Apr 1979,Patrick Depailler DEP,Ligier Ford,75,1:39:11.840,1979
Belgium,13 May 1979,Jody Scheckter SCH,Ferrari,70,1:39:59.530,1979
Monaco,27 May 1979,Jody Scheckter SCH,Ferrari,76,1:55:22.480,1979
France,01 Jul 1979,Jean-Pierre Jabouille JAB,Renault,80,1:35:20.420,1979
Great Britain,14 Jul 1979,Clay Regazzoni REG,Williams Ford,68,1:26:11.170,1979
Germany,29 Jul 1979,Alan  Jones JON,Williams Ford,45,1:24:48.830,1979
Austria,12 Aug 1979,Alan  Jones JON,Williams Ford,54,1:27:38.010,1979
Netherlands,26 Aug 1979,Alan  Jones JON,Williams Ford,75,1:41:19.775,1979
Italy,09 Sep 1979,Jody Scheckter SCH,Ferrari,50,1:22:00.220,1979
Canada,30 Sep 1979,Alan  Jones JON,Williams Ford,72,1:52:06.892,1979
USA East,07 Oct 1979,Gilles Villeneuve VIL,Ferrari,59,1:52:17.734,1979
Argentina,13 Jan 1980,Alan  Jones JON,Williams Ford,53,1:43:24.380,1980
Brazil,27 Jan 1980,Rene Arnoux ARN,Renault,40,1:40:01.330,1980
South Africa,01 Mar 1980,Rene Arnoux ARN,Renault,78,1:36:52.540,1980
USA West,30 Mar 1980,Nelson Piquet PIQ,Brabham Ford,80,1:50:18.550,1980
Belgium,04 May 1980,Didier Pironi PIR,Ligier Ford,72,1:38:46.510,1980
Monaco,18 May 1980,Carlos Reutemann REU,Williams Ford,76,1:55:34.365,1980
France,29 Jun 1980,Alan  Jones JON,Williams Ford,54,1:32:43.420,1980
Great Britain,13 Jul 1980,Alan  Jones JON,Williams Ford,76,1:34:49.228,1980
Germany,10 Aug 1980,Jacques Laffite LAF,Ligier Ford,45,1:22:59.730,1980
Austria,17 Aug 1980,Jean-Pierre Jabouille JAB,Renault,54,1:26:15.730,1980
Netherlands,31 Aug 1980,Nelson Piquet PIQ,Brabham Ford,72,1:38:13.830,1980
Italy,14 Sep 1980,Nelson Piquet PIQ,Brabham Ford,60,1:38:07.520,1980
Canada,28 Sep 1980,Alan  Jones JON,Williams Ford,70,1:46:45.530,1980
USA East,05 Oct 1980,Alan  Jones JON,Williams Ford,59,1:34:36.050,1980
USA West,15 Mar 1981,Alan  Jones JON,Williams Ford,80,1:50:41.330,1981
Brazil,29 Mar 1981,Carlos Reutemann REU,Williams Ford,62,2:00:23.660,1981
Argentina,12 Apr 1981,Nelson Piquet PIQ,Brabham Ford,53,1:34:32.740,1981
San Marino,03 May 1981,Nelson Piquet PIQ,Brabham Ford,60,1:51:23.970,1981
Belgium,17 May 1981,Carlos Reutemann REU,Williams Ford,54,1:16:31.610,1981
Monaco,31 May 1981,Gilles Villeneuve VIL,Ferrari,76,1:54:23.380,1981
Spain,21 Jun 1981,Gilles Villeneuve VIL,Ferrari,80,1:46:35.010,1981
France,05 Jul 1981,Alain Prost PRO,Renault,80,1:35:48.130,1981
Great Britain,18 Jul 1981,John Watson WAT,McLaren Ford,68,1:26:54.800,1981
Germany,02 Aug 1981,Nelson Piquet PIQ,Brabham Ford,45,1:25:55.600,1981
Austria,16 Aug 1981,Jacques Laffite LAF,Ligier Matra,53,1:27:36.470,1981
Netherlands,30 Aug 1981,Alain Prost PRO,Renault,72,1:40:22.430,1981
Italy,13 Sep 1981,Alain Prost PRO,Renault,52,1:26:33.897,1981
Canada,27 Sep 1981,Jacques Laffite LAF,Ligier Matra,63,2:01:25.205,1981
Las Vegas,17 Oct 1981,Alan  Jones JON,Williams Ford,75,1:44:09.077,1981
South Africa,23 Jan 1982,Alain Prost PRO,Renault,77,1:32:08.401,1982
Brazil,21 Mar 1982,Alain Prost PRO,Renault,63,1:44:33.134,1982
USA West,04 Apr 1982,Niki Lauda LAU,McLaren Ford,75,1:58:25.318,1982
San Marino,25 Apr 1982,Didier Pironi PIR,Ferrari,60,1:36:38.887,1982
Belgium,09 May 1982,John Watson WAT,McLaren Ford,70,1:35:41.995,1982
Monaco,23 May 1982,Riccardo Patrese PAT,Brabham Ford,76,1:54:11.259,1982
Detroit,06 Jun 1982,John Watson WAT,McLaren Ford,62,1:58:41.043,1982
Canada,13 Jun 1982,Nelson Piquet PIQ,Brabham BMW,70,1:46:39.577,1982
Netherlands,03 Jul 1982,Didier Pironi PIR,Ferrari,72,1:38:03.254,1982
Great Britain,18 Jul 1982,Niki Lauda LAU,McLaren Ford,76,1:35:33.812,1982
France,25 Jul 1982,Rene Arnoux ARN,Renault,54,1:33:33.217,1982
Germany,08 Aug 1982,Patrick Tambay TAM,Ferrari,45,1:27:25.178,1982
Austria,15 Aug 1982,Elio de Angelis DEA,Lotus Ford,53,1:25:02.212,1982
Switzerland,29 Aug 1982,Keke Rosberg ROS,Williams Ford,80,1:32:41.087,1982
Italy,12 Sep 1982,Rene Arnoux ARN,Renault,52,1:22:25.734,1982
Las Vegas,25 Sep 1982,Michele Alboreto ALB,Tyrrell Ford,75,1:41:56.888,1982
Brazil,13 Mar 1983,Nelson Piquet PIQ,Brabham BMW,63,1:48:27.731,1983
USA West,27 Mar 1983,John Watson WAT,McLaren Ford,75,1:53:34.889,1983
France,17 Apr 1983,Alain Prost PRO,Renault,54,1:34:13.913,1983
San Marino,01 May 1983,Patrick Tambay TAM,Ferrari,60,1:37:52.460,1983
Monaco,15 May 1983,Keke Rosberg ROS,Williams Ford,76,1:56:38.121,1983
Belgium,22 May 1983,Alain Prost PRO,Renault,40,1:27:11.502,1983
Detroit,05 Jun 1983,Michele Alboreto ALB,Tyrrell Ford,60,1:50:53.669,1983
Canada,12 Jun 1983,Rene Arnoux ARN,Ferrari,70,1:48:31.838,1983
Great Britain,16 Jul 1983,Alain Prost PRO,Renault,67,1:24:39.780,1983
Germany,07 Aug 1983,Rene Arnoux ARN,Ferrari,45,1:27:10.319,1983
Austria,14 Aug 1983,Alain Prost PRO,Renault,53,1:24:32.745,1983
Netherlands,28 Aug 1983,Rene Arnoux ARN,Ferrari,72,1:38:41.950,1983
Italy,11 Sep 1983,Nelson Piquet PIQ,Brabham BMW,52,1:23:10.880,1983
Europe,25 Sep 1983,Nelson Piquet PIQ,Brabham BMW,76,1:36:45.865,1983
South Africa,15 Oct 1983,Riccardo Patrese PAT,Brabham BMW,77,1:33:25.708,1983
Brazil,25 Mar 1984,Alain Prost PRO,McLaren TAG,61,1:42:34.492,1984
South Africa,07 Apr 1984,Niki Lauda LAU,McLaren TAG,75,1:29:23.430,1984
Belgium,29 Apr 1984,Michele Alboreto ALB,Ferrari,70,1:36:32.048,1984
San Marino,06 May 1984,Alain Prost PRO,McLaren TAG,60,1:36:53.679,1984
France,20 May 1984,Niki Lauda LAU,McLaren TAG,79,1:31:11.951,1984
Monaco,03 Jun 1984,Alain Prost PRO,McLaren TAG,31,1:01:07.740,1984
Canada,17 Jun 1984,Nelson Piquet PIQ,Brabham BMW,70,1:46:23.748,1984
Detroit,24 Jun 1984,Nelson Piquet PIQ,Brabham BMW,63,1:55:41.842,1984
Dallas,08 Jul 1984,Keke Rosberg ROS,Williams Honda,67,2:01:22.617,1984
Great Britain,22 Jul 1984,Niki Lauda LAU,McLaren TAG,71,1:29:28.532,1984
Germany,05 Aug 1984,Alain Prost PRO,McLaren TAG,44,1:24:43.210,1984
Austria,19 Aug 1984,Niki Lauda LAU,McLaren TAG,51,1:21:12.851,1984
Netherlands,26 Aug 1984,Alain Prost PRO,McLaren TAG,71,1:37:21.468,1984
Italy,09 Sep 1984,Niki Lauda LAU,McLaren TAG,51,1:20:29.065,1984
Europe,07 Oct 1984,Alain Prost PRO,McLaren TAG,67,1:35:13.284,1984
Portugal,21 Oct 1984,Alain Prost PRO,McLaren TAG,70,1:41:11.753,1984
Brazil,07 Apr 1985,Alain Prost PRO,McLaren TAG,61,1:41:26.115,1985
Portugal,21 Apr 1985,Ayrton Senna SEN,Lotus Renault,67,2:00:28.006,1985
San Marino,05 May 1985,Elio de Angelis DEA,Lotus Renault,60,1:34:35.955,1985
Monaco,19 May 1985,Alain Prost PRO,McLaren TAG,78,1:51:58.034,1985
Canada,16 Jun 1985,Michele Alboreto ALB,Ferrari,70,1:46:01.813,1985
Detroit,23 Jun 1985,Keke Rosberg ROS,Williams Honda,63,1:55:39.851,1985
France,07 Jul 1985,Nelson Piquet PIQ,Brabham BMW,53,1:31:46.266,1985
Great Britain,21 Jul 1985,Alain Prost PRO,McLaren TAG,65,1:18:10.436,1985
Germany,04 Aug 1985,Michele Alboreto ALB,Ferrari,67,1:35:31.337,1985
Austria,18 Aug 1985,Alain Prost PRO,McLaren TAG,52,1:20:12.583,1985
Netherlands,25 Aug 1985,Niki Lauda LAU,McLaren TAG,70,1:32:29.263,1985
Italy,08 Sep 1985,Alain Prost PRO,McLaren TAG,51,1:17:59.451,1985
Belgium,15 Sep 1985,Ayrton Senna SEN,Lotus Renault,43,1:34:19.893,1985
Europe,06 Oct 1985,Nigel Mansell MAN,Williams Honda,75,1:32:58.109,1985
South Africa,19 Oct 1985,Nigel Mansell MAN,Williams Honda,75,1:28:22.866,1985
Australia,03 Nov 1985,Keke Rosberg ROS,Williams Honda,82,2:00:40.473,1985
Brazil,23 Mar 1986,Nelson Piquet PIQ,Williams Honda,61,1:39:32.583,1986
Spain,13 Apr 1986,Ayrton Senna SEN,Lotus Renault,72,1:48:47.735,1986
San Marino,27 Apr 1986,Alain Prost PRO,McLaren TAG,60,1:32:28.408,1986
Monaco,11 May 1986,Alain Prost PRO,McLaren TAG,78,1:55:41.060,1986
Belgium,25 May 1986,Nigel Mansell MAN,Williams Honda,43,1:27:57.925,1986
Canada,15 Jun 1986,Nigel Mansell MAN,Williams Honda,69,1:42:26.415,1986
Detroit,22 Jun 1986,Ayrton Senna SEN,Lotus Renault,63,1:51:12.847,1986
France,06 Jul 1986,Nigel Mansell MAN,Williams Honda,80,1:37:19.272,1986
Great Britain,13 Jul 1986,Nigel Mansell MAN,Williams Honda,75,1:30:38.471,1986
Germany,27 Jul 1986,Nelson Piquet PIQ,Williams Honda,44,1:22:08.263,1986
Hungary,10 Aug 1986,Nelson Piquet PIQ,Williams Honda,76,2:00:34.508,1986
Austria,17 Aug 1986,Alain Prost PRO,McLaren TAG,52,1:21:22.531,1986
Italy,07 Sep 1986,Nelson Piquet PIQ,Williams Honda,51,1:17:42.889,1986
Portugal,21 Sep 1986,Nigel Mansell MAN,Williams Honda,70,1:37:21.900,1986
Mexico,12 Oct 1986,Gerhard Berger BER,Benetton BMW,68,1:33:18.700,1986
Australia,26 Oct 1986,Alain Prost PRO,McLaren TAG,82,1:54:20.388,1986
Brazil,12 Apr 1987,Alain Prost PRO,McLaren TAG,61,1:39:45.141,1987
San Marino,03 May 1987,Nigel Mansell MAN,Williams Honda,59,1:31:24.076,1987
Belgium,17 May 1987,Alain Prost PRO,McLaren TAG,43,1:27:03.217,1987
Monaco,31 May 1987,Ayrton Senna SEN,Lotus Honda,78,1:57:54.085,1987
Detroit,21 Jun 1987,Ayrton Senna SEN,Lotus Honda,63,1:50:16.358,1987
France,05 Jul 1987,Nigel Mansell MAN,Williams Honda,80,1:37:03.839,1987
Great Britain,12 Jul 1987,Nigel Mansell MAN,Williams Honda,65,1:19:11.780,1987
Germany,26 Jul 1987,Nelson Piquet PIQ,Williams Honda,44,1:21:25.091,1987
Hungary,09 Aug 1987,Nelson Piquet PIQ,Williams Honda,76,1:59:26.793,1987
Austria,16 Aug 1987,Nigel Mansell MAN,Williams Honda,52,1:18:44.898,1987
Italy,06 Sep 1987,Nelson Piquet PIQ,Williams Honda,50,1:14:47.707,1987
Portugal,20 Sep 1987,Alain Prost PRO,McLaren TAG,70,1:37:03.906,1987
Spain,27 Sep 1987,Nigel Mansell MAN,Williams Honda,72,1:49:12.692,1987
Mexico,18 Oct 1987,Nigel Mansell MAN,Williams Honda,63,1:26:24.207,1987
Japan,01 Nov 1987,Gerhard Berger BER,Ferrari,51,1:32:58.072,1987
Australia,15 Nov 1987,Gerhard Berger BER,Ferrari,82,1:52:56.144,1987
Brazil,03 Apr 1988,Alain Prost PRO,McLaren Honda,60,1:36:06.857,1988
San Marino,01 May 1988,Ayrton Senna SEN,McLaren Honda,60,1:32:41.264,1988
Monaco,15 May 1988,Alain Prost PRO,McLaren Honda,78,1:57:17.077,1988
Mexico,29 May 1988,Alain Prost PRO,McLaren Honda,67,1:30:15.737,1988
Canada,12 Jun 1988,Ayrton Senna SEN,McLaren Honda,69,1:39:46.618,1988
Detroit,19 Jun 1988,Ayrton Senna SEN,McLaren Honda,63,1:54:56.035,1988
France,03 Jul 1988,Alain Prost PRO,McLaren Honda,80,1:37:37.328,1988
Great Britain,10 Jul 1988,Ayrton Senna SEN,McLaren Honda,65,1:33:16.367,1988
Germany,24 Jul 1988,Ayrton Senna SEN,McLaren Honda,44,1:32:54.188,1988
Hungary,07 Aug 1988,Ayrton Senna SEN,McLaren Honda,76,1:57:47.081,1988
Belgium,28 Aug 1988,Ayrton Senna SEN,McLaren Honda,43,1:28:00.549,1988
Italy,11 Sep 1988,Gerhard Berger BER,Ferrari,51,1:17:39.744,1988
Portugal,25 Sep 1988,Alain Prost PRO,McLaren Honda,70,1:37:40.958,1988
Spain,02 Oct 1988,Alain Prost PRO,McLaren Honda,72,1:48:43.851,1988
Japan,30 Oct 1988,Ayrton Senna SEN,McLaren Honda,51,1:33:26.173,1988
Australia,13 Nov 1988,Alain Prost PRO,McLaren Honda,82,1:53:14.676,1988
Brazil,26 Mar 1989,Nigel Mansell MAN,Ferrari,61,1:38:58.744,1989
San Marino,23 Apr 1989,Ayrton Senna SEN,McLaren Honda,58,1:26:51.245,1989
Monaco,07 May 1989,Ayrton Senna SEN,McLaren Honda,77,1:53:33.251,1989
Mexico,28 May 1989,Ayrton Senna SEN,McLaren Honda,69,1:35:21.431,1989
United States,04 Jun 1989,Alain Prost PRO,McLaren Honda,75,2:01:33.133,1989
Canada,18 Jun 1989,Thierry Boutsen BOU,Williams Renault,69,2:01:24.073,1989
France,09 Jul 1989,Alain Prost PRO,McLaren Honda,80,1:38:29.411,1989
Great Britain,16 Jul 1989,Alain Prost PRO,McLaren Honda,64,1:19:22.131,1989
Germany,30 Jul 1989,Ayrton Senna SEN,McLaren Honda,45,1:21:43.302,1989
Hungary,13 Aug 1989,Nigel Mansell MAN,Ferrari,77,1:49:38.650,1989
Belgium,27 Aug 1989,Ayrton Senna SEN,McLaren Honda,44,1:40:54.196,1989
Italy,10 Sep 1989,Alain Prost PRO,McLaren Honda,53,1:19:27.550,1989
Portugal,24 Sep 1989,Gerhard Berger BER,Ferrari,71,1:36:48.546,1989
Spain,01 Oct 1989,Ayrton Senna SEN,McLaren Honda,72,1:47:48.264,1989
Japan,22 Oct 1989,Alessandro Nannini NAN,Benetton Ford,53,1:35:06.277,1989
Australia,05 Nov 1989,Thierry Boutsen BOU,Williams Renault,70,2:00:17.421,1989
United States,11 Mar 1990,Ayrton Senna SEN,McLaren Honda,72,1:52:32.829,1990
Brazil,25 Mar 1990,Alain Prost PRO,Ferrari,71,1:37:21.258,1990
San Marino,13 May 1990,Riccardo Patrese PAT,Williams Renault,61,1:30:55.478,1990
Monaco,27 May 1990,Ayrton Senna SEN,McLaren Honda,78,1:52:46.982,1990
Canada,10 Jun 1990,Ayrton Senna SEN,McLaren Honda,70,1:42:56.400,1990
Mexico,24 Jun 1990,Alain Prost PRO,Ferrari,69,1:32:35.783,1990
France,08 Jul 1990,Alain Prost PRO,Ferrari,80,1:33:29.606,1990
Great Britain,15 Jul 1990,Alain Prost PRO,Ferrari,64,1:18:30.999,1990
Germany,29 Jul 1990,Ayrton Senna SEN,McLaren Honda,45,1:20:47.164,1990
Hungary,12 Aug 1990,Thierry Boutsen BOU,Williams Renault,77,1:49:30.597,1990
Belgium,26 Aug 1990,Ayrton Senna SEN,McLaren Honda,44,1:26:31.997,1990
Italy,09 Sep 1990,Ayrton Senna SEN,McLaren Honda,53,1:17:57.878,1990
Portugal,23 Sep 1990,Nigel Mansell MAN,Ferrari,61,1:22:11.014,1990
Spain,30 Sep 1990,Alain Prost PRO,Ferrari,73,1:48:01.461,1990
Japan,21 Oct 1990,Nelson Piquet PIQ,Benetton Ford,53,1:34:36.824,1990
Australia,04 Nov 1990,Nelson Piquet PIQ,Benetton Ford,81,1:49:44.570,1990
United States,10 Mar 1991,Ayrton Senna SEN,McLaren Honda,81,2:00:47.828,1991
Brazil,24 Mar 1991,Ayrton Senna SEN,McLaren Honda,71,1:38:28.128,1991
San Marino,28 Apr 1991,Ayrton Senna SEN,McLaren Honda,61,1:35:14.750,1991
Monaco,12 May 1991,Ayrton Senna SEN,McLaren Honda,78,1:53:02.334,1991
Canada,02 Jun 1991,Nelson Piquet PIQ,Benetton Ford,69,1:38:51.490,1991
Mexico,16 Jun 1991,Riccardo Patrese PAT,Williams Renault,67,1:29:52.205,1991
France,07 Jul 1991,Nigel Mansell MAN,Williams Renault,72,1:38:00.056,1991
Great Britain,14 Jul 1991,Nigel Mansell MAN,Williams Renault,59,1:27:35.479,1991
Germany,28 Jul 1991,Nigel Mansell MAN,Williams Renault,45,1:19:29.661,1991
Hungary,11 Aug 1991,Ayrton Senna SEN,McLaren Honda,77,1:49:12.796,1991
Belgium,25 Aug 1991,Ayrton Senna SEN,McLaren Honda,44,1:27:17.669,1991
Italy,08 Sep 1991,Nigel Mansell MAN,Williams Renault,53,1:17:54.319,1991
Portugal,22 Sep 1991,Riccardo Patrese PAT,Williams Renault,71,1:35:42.304,1991
Spain,29 Sep 1991,Nigel Mansell MAN,Williams Renault,65,1:38:41.541,1991
Japan,20 Oct 1991,Gerhard Berger BER,McLaren Honda,53,1:32:10.695,1991
Australia,03 Nov 1991,Ayrton Senna SEN,McLaren Honda,14,24:34.899,1991
South Africa,01 Mar 1992,Nigel Mansell MAN,Williams Renault,72,1:36:45.320,1992
Mexico,22 Mar 1992,Nigel Mansell MAN,Williams Renault,69,1:31:53.587,1992
Brazil,05 Apr 1992,Nigel Mansell MAN,Williams Renault,71,1:36:51.856,1992
Spain,03 May 1992,Nigel Mansell MAN,Williams Renault,65,1:56:10.674,1992
San Marino,17 May 1992,Nigel Mansell MAN,Williams Renault,60,1:28:40.927,1992
Monaco,31 May 1992,Ayrton Senna SEN,McLaren Honda,78,1:50:59.372,1992
Canada,14 Jun 1992,Gerhard Berger BER,McLaren Honda,69,1:37:08.299,1992
France,05 Jul 1992,Nigel Mansell MAN,Williams Renault,69,1:38:08.459,1992
Great Britain,12 Jul 1992,Nigel Mansell MAN,Williams Renault,59,1:25:42.991,1992
Germany,26 Jul 1992,Nigel Mansell MAN,Williams Renault,45,1:18:22.032,1992
Hungary,16 Aug 1992,Ayrton Senna SEN,McLaren Honda,77,1:46:19.216,1992
Belgium,30 Aug 1992,Michael Schumacher MSC,Benetton Ford,44,1:36:10.721,1992
Italy,13 Sep 1992,Ayrton Senna SEN,McLaren Honda,53,1:18:15.349,1992
Portugal,27 Sep 1992,Nigel Mansell MAN,Williams Renault,71,1:34:46.659,1992
Japan,25 Oct 1992,Riccardo Patrese PAT,Williams Renault,53,1:33:09.553,1992
Australia,08 Nov 1992,Gerhard Berger BER,McLaren Honda,82,1:46:54.786,1992
South Africa,14 Mar 1993,Alain Prost PRO,Williams Renault,72,1:38:45.082,1993
Brazil,28 Mar 1993,Ayrton Senna SEN,McLaren Ford,71,1:51:15.485,1993
Europe,11 Apr 1993,Ayrton Senna SEN,McLaren Ford,76,1:50:46.570,1993
San Marino,25 Apr 1993,Alain Prost PRO,Williams Renault,61,1:33:20.413,1993
Spain,09 May 1993,Alain Prost PRO,Williams Renault,65,1:32:27.685,1993
Monaco,23 May 1993,Ayrton Senna SEN,McLaren Ford,78,1:52:10.947,1993
Canada,13 Jun 1993,Alain Prost PRO,Williams Renault,69,1:36:41.822,1993
France,04 Jul 1993,Alain Prost PRO,Williams Renault,72,1:38:35.241,1993
Great Britain,11 Jul 1993,Alain Prost PRO,Williams Renault,59,1:25:38.189,1993
Germany,25 Jul 1993,Alain Prost PRO,Williams Renault,45,1:18:40.885,1993
Hungary,15 Aug 1993,Damon Hill HIL,Williams Renault,77,1:47:39.098,1993
Belgium,29 Aug 1993,Damon Hill HIL,Williams Renault,44,1:24:32.124,1993
Italy,12 Sep 1993,Damon Hill HIL,Williams Renault,53,1:17:07.509,1993
Portugal,26 Sep 1993,Michael Schumacher MSC,Benetton Ford,71,1:32:46.309,1993
Japan,24 Oct 1993,Ayrton Senna SEN,McLaren Ford,53,1:40:27.912,1993
Australia,07 Nov 1993,Ayrton Senna SEN,McLaren Ford,79,1:43:27.476,1993
Brazil,27 Mar 1994,Michael Schumacher MSC,Benetton Ford,71,1:35:38.759,1994
Pacific,17 Apr 1994,Michael Schumacher MSC,Benetton Ford,83,1:46:01.693,1994
San Marino,01 May 1994,Michael Schumacher MSC,Benetton Ford,58,1:28:28.642,1994
Monaco,15 May 1994,Michael Schumacher MSC,Benetton Ford,78,1:49:55.372,1994
Spain,29 May 1994,Damon Hill HIL,Williams Renault,65,1:36:14.374,1994
Canada,12 Jun 1994,Michael Schumacher MSC,Benetton Ford,69,1:44:31.887,1994
France,03 Jul 1994,Michael Schumacher MSC,Benetton Ford,72,1:38:35.704,1994
Great Britain,10 Jul 1994,Damon Hill HIL,Williams Renault,60,1:30:03.640,1994
Germany,31 Jul 1994,Gerhard Berger BER,Ferrari,45,1:22:37.272,1994
Hungary,14 Aug 1994,Michael Schumacher MSC,Benetton Ford,77,1:48:00.185,1994
Belgium,28 Aug 1994,Damon Hill HIL,Williams Renault,44,1:28:47.170,1994
Italy,11 Sep 1994,Damon Hill HIL,Williams Renault,53,1:18:02.754,1994
Portugal,25 Sep 1994,Damon Hill HIL,Williams Renault,71,1:41:10.165,1994
Europe,16 Oct 1994,Michael Schumacher MSC,Benetton Ford,69,1:40:26.689,1994
Japan,06 Nov 1994,Damon Hill HIL,Williams Renault,50,1:55:53.532,1994
Australia,13 Nov 1994,Nigel Mansell MAN,Williams Renault,81,1:47:51.480,1994
Brazil,26 Mar 1995,Michael Schumacher MSC,Benetton Renault,71,1:38:34.154,1995
Argentina,09 Apr 1995,Damon Hill HIL,Williams Renault,71,1:51:39.531,1995
San Marino,30 Apr 1995,Damon Hill HIL,Williams Renault,63,1:41:42.552,1995
Spain,14 May 1995,Michael Schumacher MSC,Benetton Renault,65,1:34:20.507,1995
Monaco,28 May 1995,Michael Schumacher MSC,Benetton Renault,78,1:53:11.258,1995
Canada,11 Jun 1995,Jean Alesi ALE,Ferrari,69,1:46:31.333,1995
France,02 Jul 1995,Michael Schumacher MSC,Benetton Renault,72,1:38:28.429,1995
Great Britain,16 Jul 1995,Johnny Herbert HER,Benetton Renault,61,1:34:35.093,1995
Germany,30 Jul 1995,Michael Schumacher MSC,Benetton Renault,45,1:22:56.043,1995
Hungary,13 Aug 1995,Damon Hill HIL,Williams Renault,77,1:46:25.721,1995
Belgium,27 Aug 1995,Michael Schumacher MSC,Benetton Renault,44,1:36:47.875,1995
Italy,10 Sep 1995,Johnny Herbert HER,Benetton Renault,53,1:18:27.916,1995
Portugal,24 Sep 1995,David Coulthard COU,Williams Renault,71,1:41:52.145,1995
Europe,01 Oct 1995,Michael Schumacher MSC,Benetton Renault,67,1:39:59.044,1995
Pacific,22 Oct 1995,Michael Schumacher MSC,Benetton Renault,83,1:48:49.972,1995
Japan,29 Oct 1995,Michael Schumacher MSC,Benetton Renault,53,1:36:52.930,1995
Australia,12 Nov 1995,Damon Hill HIL,Williams Renault,81,1:49:15.946,1995
Australia,10 Mar 1996,Damon Hill HIL,Williams Renault,58,1:32:50.491,1996
Brazil,31 Mar 1996,Damon Hill HIL,Williams Renault,71,1:49:52.976,1996
Argentina,07 Apr 1996,Damon Hill HIL,Williams Renault,72,1:54:55.322,1996
Europe,28 Apr 1996,Jacques Villeneuve VIL,Williams Renault,67,1:33:26.473,1996
San Marino,05 May 1996,Damon Hill HIL,Williams Renault,63,1:35:26.156,1996
Monaco,19 May 1996,Olivier Panis PAN,Ligier Mugen Honda,75,2:00:45.629,1996
Spain,02 Jun 1996,Michael Schumacher MSC,Ferrari,65,1:59:49.307,1996
Canada,16 Jun 1996,Damon Hill HIL,Williams Renault,69,1:36:03.465,1996
France,30 Jun 1996,Damon Hill HIL,Williams Renault,72,1:36:28.795,1996
Great Britain,14 Jul 1996,Jacques Villeneuve VIL,Williams Renault,61,1:33:00.874,1996
Germany,28 Jul 1996,Damon Hill HIL,Williams Renault,45,1:21:43.417,1996
Hungary,11 Aug 1996,Jacques Villeneuve VIL,Williams Renault,77,1:46:21.134,1996
Belgium,25 Aug 1996,Michael Schumacher MSC,Ferrari,44,1:28:15.125,1996
Italy,08 Sep 1996,Michael Schumacher MSC,Ferrari,53,1:17:43.632,1996
Portugal,22 Sep 1996,Jacques Villeneuve VIL,Williams Renault,70,1:40:22.915,1996
Japan,13 Oct 1996,Damon Hill HIL,Williams Renault,52,1:32:33.791,1996
Australia,09 Mar 1997,David Coulthard COU,McLaren Mercedes,58,1:30:28.718,1997
Brazil,30 Mar 1997,Jacques Villeneuve VIL,Williams Renault,72,1:36:06.990,1997
Argentina,13 Apr 1997,Jacques Villeneuve VIL,Williams Renault,72,1:52:01.715,1997
San Marino,27 Apr 1997,Heinz-Harald Frentzen FRE,Williams Renault,62,1:31:00.673,1997
Monaco,11 May 1997,Michael Schumacher MSC,Ferrari,62,2:00:05.654,1997
Spain,25 May 1997,Jacques Villeneuve VIL,Williams Renault,64,1:30:35.896,1997
Canada,15 Jun 1997,Michael Schumacher MSC,Ferrari,54,1:17:40.646,1997
France,29 Jun 1997,Michael Schumacher MSC,Ferrari,72,1:38:50.492,1997
Great Britain,13 Jul 1997,Jacques Villeneuve VIL,Williams Renault,59,1:28:01.665,1997
Germany,27 Jul 1997,Gerhard Berger BER,Benetton Renault,45,1:20:59.046,1997
Hungary,10 Aug 1997,Jacques Villeneuve VIL,Williams Renault,77,1:45:47.149,1997
Belgium,24 Aug 1997,Michael Schumacher MSC,Ferrari,44,1:33:46.717,1997
Italy,07 Sep 1997,David Coulthard COU,McLaren Mercedes,53,1:17:04.609,1997
Austria,21 Sep 1997,Jacques Villeneuve VIL,Williams Renault,71,1:27:35.999,1997
Luxembourg,28 Sep 1997,Jacques Villeneuve VIL,Williams Renault,67,1:31:27.843,1997
Japan,12 Oct 1997,Michael Schumacher MSC,Ferrari,53,1:29:48.446,1997
Europe,26 Oct 1997,Mika Hakkinen HAK,McLaren Mercedes,69,1:38:57.771,1997
Australia,08 Mar 1998,Mika Hakkinen HAK,McLaren Mercedes,58,1:31:45.996,1998
Brazil,29 Mar 1998,Mika Hakkinen HAK,McLaren Mercedes,72,1:37:11.747,1998
Argentina,12 Apr 1998,Michael Schumacher MSC,Ferrari,72,1:48:36.175,1998
San Marino,26 Apr 1998,David Coulthard COU,McLaren Mercedes,62,1:34:24.593,1998
Spain,10 May 1998,Mika Hakkinen HAK,McLaren Mercedes,65,1:33:37.621,1998
Monaco,24 May 1998,Mika Hakkinen HAK,McLaren Mercedes,78,1:51:23.595,1998
Canada,07 Jun 1998,Michael Schumacher MSC,Ferrari,69,1:40:57.355,1998
France,28 Jun 1998,Michael Schumacher MSC,Ferrari,71,1:34:45.026,1998
Great Britain,12 Jul 1998,Michael Schumacher MSC,Ferrari,60,1:47:02.450,1998
Austria,26 Jul 1998,Mika Hakkinen HAK,McLaren Mercedes,71,1:30:44.086,1998
Germany,02 Aug 1998,Mika Hakkinen HAK,McLaren Mercedes,45,1:20:47.984,1998
Hungary,16 Aug 1998,Michael Schumacher MSC,Ferrari,77,1:45:25.550,1998
Belgium,30 Aug 1998,Damon Hill HIL,Jordan Mugen Honda,44,1:43:47.407,1998
Italy,13 Sep 1998,Michael Schumacher MSC,Ferrari,53,1:17:09.672,1998
Luxembourg,27 Sep 1998,Mika Hakkinen HAK,McLaren Mercedes,67,1:32:14.789,1998
Japan,01 Nov 1998,Mika Hakkinen HAK,McLaren Mercedes,51,1:27:22.535,1998
Australia,07 Mar 1999,Eddie Irvine IRV,Ferrari,57,1:35:01.659,1999
Brazil,11 Apr 1999,Mika Hakkinen HAK,McLaren Mercedes,72,1:36:03.785,1999
San Marino,02 May 1999,Michael Schumacher MSC,Ferrari,62,1:33:44.792,1999
Monaco,16 May 1999,Michael Schumacher MSC,Ferrari,78,1:49:31.812,1999
Spain,30 May 1999,Mika Hakkinen HAK,McLaren Mercedes,65,1:34:13.665,1999
Canada,13 Jun 1999,Mika Hakkinen HAK,McLaren Mercedes,69,1:41:35.727,1999
France,27 Jun 1999,Heinz-Harald Frentzen FRE,Jordan Mugen Honda,72,1:58:24.343,1999
Great Britain,11 Jul 1999,David Coulthard COU,McLaren Mercedes,60,1:32:30.144,1999
Austria,25 Jul 1999,Eddie Irvine IRV,Ferrari,71,1:28:12.438,1999
Germany,01 Aug 1999,Eddie Irvine IRV,Ferrari,45,1:21:58.594,1999
Hungary,15 Aug 1999,Mika Hakkinen HAK,McLaren Mercedes,77,1:46:23.536,1999
Belgium,29 Aug 1999,David Coulthard COU,McLaren Mercedes,44,1:25:43.057,1999
Italy,12 Sep 1999,Heinz-Harald Frentzen FRE,Jordan Mugen Honda,53,1:17:02.923,1999
Europe,26 Sep 1999,Johnny Herbert HER,Stewart Ford,66,1:41:54.314,1999
Malaysia,17 Oct 1999,Eddie Irvine IRV,Ferrari,56,1:36:38.494,1999
Japan,31 Oct 1999,Mika Hakkinen HAK,McLaren Mercedes,53,1:31:18.785,1999
Australia,12 Mar 2000,Michael Schumacher MSC,Ferrari,58,1:34:01.987,2000
Brazil,26 Mar 2000,Michael Schumacher MSC,Ferrari,71,1:31:35.271,2000
San Marino,09 Apr 2000,Michael Schumacher MSC,Ferrari,62,1:31:39.776,2000
Great Britain,23 Apr 2000,David Coulthard COU,McLaren Mercedes,60,1:28:50.108,2000
Spain,07 May 2000,Mika Hakkinen HAK,McLaren Mercedes,65,1:33:55.390,2000
Europe,21 May 2000,Michael Schumacher MSC,Ferrari,67,1:42:00.307,2000
Monaco,04 Jun 2000,David Coulthard COU,McLaren Mercedes,78,1:49:28.213,2000
Canada,18 Jun 2000,Michael Schumacher MSC,Ferrari,69,1:41:12.313,2000
France,02 Jul 2000,David Coulthard COU,McLaren Mercedes,72,1:38:05.538,2000
Austria,16 Jul 2000,Mika Hakkinen HAK,McLaren Mercedes,71,1:28:15.818,2000
Germany,30 Jul 2000,Rubens Barrichello BAR,Ferrari,45,1:25:34.418,2000
Hungary,13 Aug 2000,Mika Hakkinen HAK,McLaren Mercedes,77,1:45:33.869,2000
Belgium,27 Aug 2000,Mika Hakkinen HAK,McLaren Mercedes,44,1:28:14.494,2000
Italy,10 Sep 2000,Michael Schumacher MSC,Ferrari,53,1:27:31.638,2000
United States,24 Sep 2000,Michael Schumacher MSC,Ferrari,73,1:36:30.883,2000
Japan,08 Oct 2000,Michael Schumacher MSC,Ferrari,53,1:29:53.435,2000
Malaysia,22 Oct 2000,Michael Schumacher MSC,Ferrari,56,1:35:54.235,2000
Australia,04 Mar 2001,Michael Schumacher MSC,Ferrari,58,1:38:26.533,2001
Malaysia,18 Mar 2001,Michael Schumacher MSC,Ferrari,55,1:47:34.801,2001
Brazil,01 Apr 2001,David Coulthard COU,McLaren Mercedes,71,1:39:00.834,2001
San Marino,15 Apr 2001,Ralf Schumacher RSC,Williams BMW,62,1:30:44.817,2001
Spain,29 Apr 2001,Michael Schumacher MSC,Ferrari,65,1:31:03.305,2001
Austria,13 May 2001,David Coulthard COU,McLaren Mercedes,71,1:27:45.927,2001
Monaco,27 May 2001,Michael Schumacher MSC,Ferrari,78,1:47:22.561,2001
Canada,10 Jun 2001,Ralf Schumacher RSC,Williams BMW,69,1:34:31.522,2001
Europe,24 Jun 2001,Michael Schumacher MSC,Ferrari,67,1:29:42.724,2001
France,01 Jul 2001,Michael Schumacher MSC,Ferrari,72,1:33:35.636,2001
Great Britain,15 Jul 2001,Mika Hakkinen HAK,McLaren Mercedes,60,1:25:33.770,2001
Germany,29 Jul 2001,Ralf Schumacher RSC,Williams BMW,45,1:18:17.873,2001
Hungary,19 Aug 2001,Michael Schumacher MSC,Ferrari,77,1:41:49.675,2001
Belgium,02 Sep 2001,Michael Schumacher MSC,Ferrari,36,1:08:05.002,2001
Italy,16 Sep 2001,Juan Pablo Montoya MOY,Williams BMW,53,1:16:58.493,2001
United States,30 Sep 2001,Mika Hakkinen HAK,McLaren Mercedes,73,1:32:42.840,2001
Japan,14 Oct 2001,Michael Schumacher MSC,Ferrari,53,1:27:33.298,2001
Australia,03 Mar 2002,Michael Schumacher MSC,Ferrari,58,1:35:36.792,2002
Malaysia,17 Mar 2002,Ralf Schumacher RSC,Williams BMW,56,1:34:12.912,2002
Brazil,31 Mar 2002,Michael Schumacher MSC,Ferrari,71,1:31:43.663,2002
San Marino,14 Apr 2002,Michael Schumacher MSC,Ferrari,62,1:29:10.789,2002
Spain,28 Apr 2002,Michael Schumacher MSC,Ferrari,65,1:30:29.981,2002
Austria,12 May 2002,Michael Schumacher MSC,Ferrari,71,1:33:51.562,2002
Monaco,26 May 2002,David Coulthard COU,McLaren Mercedes,78,1:45:39.055,2002
Canada,09 Jun 2002,Michael Schumacher MSC,Ferrari,70,1:33:36.111,2002
Europe,23 Jun 2002,Rubens Barrichello BAR,Ferrari,60,1:35:07.426,2002
Great Britain,07 Jul 2002,Michael Schumacher MSC,Ferrari,60,1:31:45.015,2002
France,21 Jul 2002,Michael Schumacher MSC,Ferrari,72,1:32:09.837,2002
Germany,28 Jul 2002,Michael Schumacher MSC,Ferrari,67,1:27:52.078,2002
Hungary,18 Aug 2002,Rubens Barrichello BAR,Ferrari,77,1:41:49.001,2002
Belgium,01 Sep 2002,Michael Schumacher MSC,Ferrari,44,1:21:20.634,2002
Italy,15 Sep 2002,Rubens Barrichello BAR,Ferrari,53,1:16:19.982,2002
United States,29 Sep 2002,Rubens Barrichello BAR,Ferrari,73,1:31:07.934,2002
Japan,13 Oct 2002,Michael Schumacher MSC,Ferrari,53,1:26:59.698,2002
Australia,09 Mar 2003,David Coulthard COU,McLaren Mercedes,58,1:34:42.124,2003
Malaysia,23 Mar 2003,Kimi Rikknen RAI,McLaren Mercedes,56,1:32:22.195,2003
Brazil,06 Apr 2003,Giancarlo Fisichella FIS,Jordan Ford,54,1:31:17.748,2003
San Marino,20 Apr 2003,Michael Schumacher MSC,Ferrari,62,1:28:12.058,2003
Spain,04 May 2003,Michael Schumacher MSC,Ferrari,65,1:33:46.933,2003
Austria,18 May 2003,Michael Schumacher MSC,Ferrari,69,1:24:04.888,2003
Monaco,01 Jun 2003,Juan Pablo Montoya MOY,Williams BMW,78,1:42:19.010,2003
Canada,15 Jun 2003,Michael Schumacher MSC,Ferrari,70,1:31:13.591,2003
Europe,29 Jun 2003,Ralf Schumacher RSC,Williams BMW,60,1:34:43.622,2003
France,06 Jul 2003,Ralf Schumacher RSC,Williams BMW,70,1:30:49.213,2003
Great Britain,20 Jul 2003,Rubens Barrichello BAR,Ferrari,60,1:28:37.554,2003
Germany,03 Aug 2003,Juan Pablo Montoya MOY,Williams BMW,67,1:28:48.769,2003
Hungary,24 Aug 2003,Fernando Alonso ALO,Renault,70,1:39:01.460,2003
Italy,14 Sep 2003,Michael Schumacher MSC,Ferrari,53,1:14:19.838,2003
United States,28 Sep 2003,Michael Schumacher MSC,Ferrari,73,1:33:35.997,2003
Japan,12 Oct 2003,Rubens Barrichello BAR,Ferrari,53,1:25:11.743,2003
Australia,07 Mar 2004,Michael Schumacher MSC,Ferrari,58,1:24:15.757,2004
Malaysia,21 Mar 2004,Michael Schumacher MSC,Ferrari,56,1:31:07.490,2004
Bahrain,04 Apr 2004,Michael Schumacher MSC,Ferrari,57,1:28:34.875,2004
San Marino,25 Apr 2004,Michael Schumacher MSC,Ferrari,62,1:26:19.670,2004
Spain,09 May 2004,Michael Schumacher MSC,Ferrari,66,1:27:32.841,2004
Monaco,23 May 2004,Jarno Trulli TRU,Renault,77,1:45:46.601,2004
Europe,30 May 2004,Michael Schumacher MSC,Ferrari,60,1:32:35.101,2004
Canada,13 Jun 2004,Michael Schumacher MSC,Ferrari,70,1:28:24.803,2004
United States,20 Jun 2004,Michael Schumacher MSC,Ferrari,73,1:40:29.914,2004
France,04 Jul 2004,Michael Schumacher MSC,Ferrari,70,1:30:18.133,2004
Great Britain,11 Jul 2004,Michael Schumacher MSC,Ferrari,60,1:24:42.700,2004
Germany,25 Jul 2004,Michael Schumacher MSC,Ferrari,66,1:23:54.848,2004
Hungary,15 Aug 2004,Michael Schumacher MSC,Ferrari,70,1:35:26.131,2004
Belgium,29 Aug 2004,Kimi Rikknen RAI,McLaren Mercedes,44,1:32:35.274,2004
Italy,12 Sep 2004,Rubens Barrichello BAR,Ferrari,53,1:15:18.448,2004
China,26 Sep 2004,Rubens Barrichello BAR,Ferrari,56,1:29:12.420,2004
Japan,10 Oct 2004,Michael Schumacher MSC,Ferrari,53,1:24:26.985,2004
Brazil,24 Oct 2004,Juan Pablo Montoya MOY,Williams BMW,71,1:28:01.451,2004
Australia,06 Mar 2005,Giancarlo Fisichella FIS,Renault,57,1:24:17.336,2005
Malaysia,20 Mar 2005,Fernando Alonso ALO,Renault,56,1:31:33.736,2005
Bahrain,03 Apr 2005,Fernando Alonso ALO,Renault,57,1:29:18.531,2005
San Marino,24 Apr 2005,Fernando Alonso ALO,Renault,62,1:27:41.921,2005
Spain,08 May 2005,Kimi Rikknen RAI,McLaren Mercedes,66,1:27:16.830,2005
Monaco,22 May 2005,Kimi Rikknen RAI,McLaren Mercedes,78,1:45:15.556,2005
Europe,29 May 2005,Fernando Alonso ALO,Renault,59,1:31:46.648,2005
Canada,12 Jun 2005,Kimi Rikknen RAI,McLaren Mercedes,70,1:32:09.290,2005
United States,19 Jun 2005,Michael Schumacher MSC,Ferrari,73,1:29:43.181,2005
France,03 Jul 2005,Fernando Alonso ALO,Renault,70,1:31:22.233,2005
Great Britain,10 Jul 2005,Juan Pablo Montoya MOY,McLaren Mercedes,60,1:24:29.588,2005
Germany,24 Jul 2005,Fernando Alonso ALO,Renault,67,1:26:28.599,2005
Hungary,31 Jul 2005,Kimi Rikknen RAI,McLaren Mercedes,70,1:37:25.552,2005
Turkey,21 Aug 2005,Kimi Rikknen RAI,McLaren Mercedes,58,1:24:34.454,2005
Italy,04 Sep 2005,Juan Pablo Montoya MOY,McLaren Mercedes,53,1:14:28.659,2005
Belgium,11 Sep 2005,Kimi Rikknen RAI,McLaren Mercedes,44,1:30:01.295,2005
Brazil,25 Sep 2005,Juan Pablo Montoya MOY,McLaren Mercedes,71,1:29:20.574,2005
Japan,09 Oct 2005,Kimi Rikknen RAI,McLaren Mercedes,53,1:29:02.212,2005
China,16 Oct 2005,Fernando Alonso ALO,Renault,56,1:39:53.618,2005
Bahrain,12 Mar 2006,Fernando Alonso ALO,Renault,57,1:29:46.205,2006
Malaysia,19 Mar 2006,Giancarlo Fisichella FIS,Renault,56,1:30:40.529,2006
Australia,02 Apr 2006,Fernando Alonso ALO,Renault,57,1:34:27.870,2006
San Marino,23 Apr 2006,Michael Schumacher MSC,Ferrari,62,1:31:06.486,2006
Europe,07 May 2006,Michael Schumacher MSC,Ferrari,60,1:35:58.765,2006
Spain,14 May 2006,Fernando Alonso ALO,Renault,66,1:26:21.759,2006
Monaco,28 May 2006,Fernando Alonso ALO,Renault,78,1:43:43.116,2006
Great Britain,11 Jun 2006,Fernando Alonso ALO,Renault,60,1:25:51.927,2006
Canada,25 Jun 2006,Fernando Alonso ALO,Renault,70,1:34:37.308,2006
United States,02 Jul 2006,Michael Schumacher MSC,Ferrari,73,1:34:35.199,2006
France,16 Jul 2006,Michael Schumacher MSC,Ferrari,70,1:32:07.803,2006
Germany,30 Jul 2006,Michael Schumacher MSC,Ferrari,67,1:27:51.693,2006
Hungary,06 Aug 2006,Jenson Button BUT,Honda,70,1:52:20.941,2006
Turkey,27 Aug 2006,Felipe Massa MAS,Ferrari,58,1:28:51.082,2006
Italy,10 Sep 2006,Michael Schumacher MSC,Ferrari,53,1:14:51.975,2006
China,01 Oct 2006,Michael Schumacher MSC,Ferrari,56,1:37:32.747,2006
Japan,08 Oct 2006,Fernando Alonso ALO,Renault,53,1:23:53.413,2006
Brazil,22 Oct 2006,Felipe Massa MAS,Ferrari,71,1:31:53.751,2006
Australia,18 Mar 2007,Kimi Rikknen RAI,Ferrari,58,1:25:28.770,2007
Malaysia,08 Apr 2007,Fernando Alonso ALO,McLaren Mercedes,56,1:32:14.930,2007
Bahrain,15 Apr 2007,Felipe Massa MAS,Ferrari,57,1:33:27.515,2007
Spain,13 May 2007,Felipe Massa MAS,Ferrari,65,1:31:36.230,2007
Monaco,27 May 2007,Fernando Alonso ALO,McLaren Mercedes,78,1:40:29.329,2007
Canada,10 Jun 2007,Lewis Hamilton HAM,McLaren Mercedes,70,1:44:11.292,2007
United States,17 Jun 2007,Lewis Hamilton HAM,McLaren Mercedes,73,1:31:09.965,2007
France,01 Jul 2007,Kimi Rikknen RAI,Ferrari,70,1:30:54.200,2007
Great Britain,08 Jul 2007,Kimi Rikknen RAI,Ferrari,59,1:21:43.074,2007
Europe,22 Jul 2007,Fernando Alonso ALO,McLaren Mercedes,60,2:06:26.358,2007
Hungary,05 Aug 2007,Lewis Hamilton HAM,McLaren Mercedes,70,1:35:52.991,2007
Turkey,26 Aug 2007,Felipe Massa MAS,Ferrari,58,1:26:42.161,2007
Italy,09 Sep 2007,Fernando Alonso ALO,McLaren Mercedes,53,1:18:37.806,2007
Belgium,16 Sep 2007,Kimi Rikknen RAI,Ferrari,44,1:20:39.066,2007
Japan,30 Sep 2007,Lewis Hamilton HAM,McLaren Mercedes,67,2:00:34.579,2007
China,07 Oct 2007,Kimi Rikknen RAI,Ferrari,56,1:37:58.395,2007
Brazil,21 Oct 2007,Kimi Rikknen RAI,Ferrari,71,1:28:15.270,2007
Australia,16 Mar 2008,Lewis Hamilton HAM,McLaren Mercedes,58,1:34:50.616,2008
Malaysia,23 Mar 2008,Kimi Rikknen RAI,Ferrari,56,1:31:18.555,2008
Bahrain,06 Apr 2008,Felipe Massa MAS,Ferrari,57,1:31:06.970,2008
Spain,27 Apr 2008,Kimi Rikknen RAI,Ferrari,66,1:38:19.051,2008
Turkey,11 May 2008,Felipe Massa MAS,Ferrari,58,1:26:49.451,2008
Monaco,25 May 2008,Lewis Hamilton HAM,McLaren Mercedes,76,2:00:42.742,2008
Canada,08 Jun 2008,Robert Kubica KUB,Sauber BMW,70,1:36:24.447,2008
France,22 Jun 2008,Felipe Massa MAS,Ferrari,70,1:31:50.245,2008
Great Britain,06 Jul 2008,Lewis Hamilton HAM,McLaren Mercedes,60,1:39:09.440,2008
Germany,20 Jul 2008,Lewis Hamilton HAM,McLaren Mercedes,67,1:31:20.874,2008
Hungary,03 Aug 2008,Heikki Kovalainen KOV,McLaren Mercedes,70,1:37:27.067,2008
Europe,24 Aug 2008,Felipe Massa MAS,Ferrari,57,1:35:32.339,2008
Belgium,07 Sep 2008,Felipe Massa MAS,Ferrari,44,1:22:59.394,2008
Italy,14 Sep 2008,Sebastian Vettel VET,STR Ferrari,53,1:26:47.494,2008
Singapore,28 Sep 2008,Fernando Alonso ALO,Renault,61,1:57:16.304,2008
Japan,12 Oct 2008,Fernando Alonso ALO,Renault,67,1:30:21.892,2008
China,19 Oct 2008,Lewis Hamilton HAM,McLaren Mercedes,56,1:31:57.403,2008
Brazil,02 Nov 2008,Felipe Massa MAS,Ferrari,71,1:34:11.435,2008
Australia,29 Mar 2009,Jenson Button BUT,Brawn Mercedes,58,1:34:15.784,2009
Malaysia,05 Apr 2009,Jenson Button BUT,Brawn Mercedes,31,55:30.622,2009
China,19 Apr 2009,Sebastian Vettel VET,RBR Renault,56,1:57:43.485,2009
Bahrain,26 Apr 2009,Jenson Button BUT,Brawn Mercedes,57,1:31:48.182,2009
Spain,10 May 2009,Jenson Button BUT,Brawn Mercedes,66,1:37:19.202,2009
Monaco,24 May 2009,Jenson Button BUT,Brawn Mercedes,78,1:40:44.282,2009
Turkey,07 Jun 2009,Jenson Button BUT,Brawn Mercedes,58,1:26:24.848,2009
Great Britain,21 Jun 2009,Sebastian Vettel VET,RBR Renault,60,1:22:49.328,2009
Germany,12 Jul 2009,Mark Webber WEB,RBR Renault,60,1:36:43.310,2009
Hungary,26 Jul 2009,Lewis Hamilton HAM,McLaren Mercedes,70,1:38:23.876,2009
Europe,23 Aug 2009,Rubens Barrichello BAR,Brawn Mercedes,57,1:35:51.289,2009
Belgium,30 Aug 2009,Kimi Rikknen RAI,Ferrari,44,1:23:50.995,2009
Italy,13 Sep 2009,Rubens Barrichello BAR,Brawn Mercedes,53,1:16:21.706,2009
Singapore,27 Sep 2009,Lewis Hamilton HAM,McLaren Mercedes,61,1:56:06.337,2009
Japan,04 Oct 2009,Sebastian Vettel VET,RBR Renault,53,1:28:20.443,2009
Brazil,18 Oct 2009,Mark Webber WEB,RBR Renault,71,1:32:23.081,2009
Abu Dhabi,01 Nov 2009,Sebastian Vettel VET,RBR Renault,55,1:34:03.414,2009
Bahrain,14 Mar 2010,Fernando Alonso ALO,Ferrari,49,1:39:20.396,2010
Australia,28 Mar 2010,Jenson Button BUT,McLaren Mercedes,58,1:33:36.531,2010
Malaysia,04 Apr 2010,Sebastian Vettel VET,RBR Renault,56,1:33:48.412,2010
China,18 Apr 2010,Jenson Button BUT,McLaren Mercedes,56,1:46:42.163,2010
Spain,09 May 2010,Mark Webber WEB,RBR Renault,66,1:35:44.101,2010
Monaco,16 May 2010,Mark Webber WEB,RBR Renault,78,1:50:13.355,2010
Turkey,30 May 2010,Lewis Hamilton HAM,McLaren Mercedes,58,1:28:47.620,2010
Canada,13 Jun 2010,Lewis Hamilton HAM,McLaren Mercedes,70,1:33:53.456,2010
Europe,27 Jun 2010,Sebastian Vettel VET,RBR Renault,57,1:40:29.571,2010
Great Britain,11 Jul 2010,Mark Webber WEB,RBR Renault,52,1:24:38.200,2010
Germany,25 Jul 2010,Fernando Alonso ALO,Ferrari,67,1:27:38.864,2010
Hungary,01 Aug 2010,Mark Webber WEB,RBR Renault,70,1:41:05.571,2010
Belgium,29 Aug 2010,Lewis Hamilton HAM,McLaren Mercedes,44,1:29:04.268,2010
Italy,12 Sep 2010,Fernando Alonso ALO,Ferrari,53,1:16:24.572,2010
Singapore,26 Sep 2010,Fernando Alonso ALO,Ferrari,61,1:57:53.579,2010
Japan,10 Oct 2010,Sebastian Vettel VET,RBR Renault,53,1:30:27.323,2010
South Korea,24 Oct 2010,Fernando Alonso ALO,Ferrari,55,2:48:20.810,2010
Brazil,07 Nov 2010,Sebastian Vettel VET,RBR Renault,71,1:33:11.803,2010
Abu Dhabi,14 Nov 2010,Sebastian Vettel VET,RBR Renault,55,1:39:36.837,2010
Australia,27 Mar 2011,Sebastian Vettel VET,Red Bull Racing Renault,58,1:29:30.259,2011
Malaysia,10 Apr 2011,Sebastian Vettel VET,Red Bull Racing Renault,56,1:37:39.832,2011
China,17 Apr 2011,Lewis Hamilton HAM,McLaren Mercedes,56,1:36:58.226,2011
Turkey,08 May 2011,Sebastian Vettel VET,Red Bull Racing Renault,58,1:30:17.558,2011
Spain,22 May 2011,Sebastian Vettel VET,Red Bull Racing Renault,66,1:39:03.301,2011
Monaco,29 May 2011,Sebastian Vettel VET,Red Bull Racing Renault,78,2:09:38.373,2011
Canada,12 Jun 2011,Jenson Button BUT,McLaren Mercedes,70,4:04:39.537,2011
Europe,26 Jun 2011,Sebastian Vettel VET,Red Bull Racing Renault,57,1:39:36.169,2011
Great Britain,10 Jul 2011,Fernando Alonso ALO,Ferrari,52,1:28:41.196,2011
Germany,24 Jul 2011,Lewis Hamilton HAM,McLaren Mercedes,60,1:37:30.334,2011
Hungary,31 Jul 2011,Jenson Button BUT,McLaren Mercedes,70,1:46:42.337,2011
Belgium,28 Aug 2011,Sebastian Vettel VET,Red Bull Racing Renault,44,1:26:44.893,2011
Italy,11 Sep 2011,Sebastian Vettel VET,Red Bull Racing Renault,53,1:20:46.172,2011
Singapore,25 Sep 2011,Sebastian Vettel VET,Red Bull Racing Renault,61,1:59:06.757,2011
Japan,09 Oct 2011,Jenson Button BUT,McLaren Mercedes,53,1:30:53.427,2011
South Korea,16 Oct 2011,Sebastian Vettel VET,Red Bull Racing Renault,55,1:38:01.994,2011
India,30 Oct 2011,Sebastian Vettel VET,Red Bull Racing Renault,60,1:30:35.002,2011
Abu Dhabi,13 Nov 2011,Lewis Hamilton HAM,McLaren Mercedes,55,1:37:11.886,2011
Brazil,27 Nov 2011,Mark Webber WEB,Red Bull Racing Renault,71,1:32:17.464,2011
Australia,18 Mar 2012,Jenson Button BUT,McLaren Mercedes,58,1:34:09.565,2012
Malaysia,25 Mar 2012,Fernando Alonso ALO,Ferrari,56,2:44:51.812,2012
China,15 Apr 2012,Nico Rosberg ROS,Mercedes,56,1:36:26.929,2012
Bahrain,22 Apr 2012,Sebastian Vettel VET,Red Bull Racing Renault,57,1:35:10.990,2012
Spain,13 May 2012,Pastor Maldonado MAL,Williams Renault,66,1:39:09.145,2012
Monaco,27 May 2012,Mark Webber WEB,Red Bull Racing Renault,78,1:46:06.557,2012
Canada,10 Jun 2012,Lewis Hamilton HAM,McLaren Mercedes,70,1:32:29.586,2012
Europe,24 Jun 2012,Fernando Alonso ALO,Ferrari,57,1:44:16.649,2012
Great Britain,08 Jul 2012,Mark Webber WEB,Red Bull Racing Renault,52,1:25:11.288,2012
Germany,22 Jul 2012,Fernando Alonso ALO,Ferrari,67,1:31:05.862,2012
Hungary,29 Jul 2012,Lewis Hamilton HAM,McLaren Mercedes,69,1:41:05.503,2012
Belgium,02 Sep 2012,Jenson Button BUT,McLaren Mercedes,44,1:29:08.530,2012
Italy,09 Sep 2012,Lewis Hamilton HAM,McLaren Mercedes,53,1:19:41.221,2012
Singapore,23 Sep 2012,Sebastian Vettel VET,Red Bull Racing Renault,59,2:00:26.144,2012
Japan,07 Oct 2012,Sebastian Vettel VET,Red Bull Racing Renault,53,1:28:56.242,2012
South Korea,14 Oct 2012,Sebastian Vettel VET,Red Bull Racing Renault,55,1:36:28.651,2012
India,28 Oct 2012,Sebastian Vettel VET,Red Bull Racing Renault,60,1:31:10.744,2012
Abu Dhabi,04 Nov 2012,Kimi Rikknen RAI,Lotus Renault,55,1:45:58.667,2012
United States,18 Nov 2012,Lewis Hamilton HAM,McLaren Mercedes,56,1:35:55.269,2012
Brazil,25 Nov 2012,Jenson Button BUT,McLaren Mercedes,71,1:45:22.656,2012
Australia,17 Mar 2013,Kimi Rikknen RAI,Lotus Renault,58,1:30:03.225,2013
Malaysia,24 Mar 2013,Sebastian Vettel VET,Red Bull Racing Renault,56,1:38:56.681,2013
China,14 Apr 2013,Fernando Alonso ALO,Ferrari,56,1:36:26.945,2013
Bahrain,21 Apr 2013,Sebastian Vettel VET,Red Bull Racing Renault,57,1:36:00.498,2013
Spain,12 May 2013,Fernando Alonso ALO,Ferrari,66,1:39:16.596,2013
Monaco,26 May 2013,Nico Rosberg ROS,Mercedes,78,2:17:52.056,2013
Canada,09 Jun 2013,Sebastian Vettel VET,Red Bull Racing Renault,70,1:32:09.143,2013
Great Britain,30 Jun 2013,Nico Rosberg ROS,Mercedes,52,1:32:59.456,2013
Germany,07 Jul 2013,Sebastian Vettel VET,Red Bull Racing Renault,60,1:41:14.711,2013
Hungary,28 Jul 2013,Lewis Hamilton HAM,Mercedes,70,1:42:29.445,2013
Belgium,25 Aug 2013,Sebastian Vettel VET,Red Bull Racing Renault,44,1:23:42.196,2013
Italy,08 Sep 2013,Sebastian Vettel VET,Red Bull Racing Renault,53,1:18:33.352,2013
Singapore,22 Sep 2013,Sebastian Vettel VET,Red Bull Racing Renault,61,1:59:13.132,2013
South Korea,06 Oct 2013,Sebastian Vettel VET,Red Bull Racing Renault,55,1:43:13.701,2013
Japan,13 Oct 2013,Sebastian Vettel VET,Red Bull Racing Renault,53,1:26:49.301,2013
India,27 Oct 2013,Sebastian Vettel VET,Red Bull Racing Renault,60,1:31:12.187,2013
Abu Dhabi,03 Nov 2013,Sebastian Vettel VET,Red Bull Racing Renault,55,1:38:06.106,2013
United States,17 Nov 2013,Sebastian Vettel VET,Red Bull Racing Renault,56,1:39:17.148,2013
Brazil,24 Nov 2013,Sebastian Vettel VET,Red Bull Racing Renault,71,1:32:36.300,2013
Australia,16 Mar 2014,Nico Rosberg ROS,Mercedes,57,1:32:58.710,2014
Malaysia,30 Mar 2014,Lewis Hamilton HAM,Mercedes,56,1:40:25.974,2014
Bahrain,06 Apr 2014,Lewis Hamilton HAM,Mercedes,57,1:39:42.743,2014
China,20 Apr 2014,Lewis Hamilton HAM,Mercedes,54,1:33:28.338,2014
Spain,11 May 2014,Lewis Hamilton HAM,Mercedes,66,1:41:05.155,2014
Monaco,25 May 2014,Nico Rosberg ROS,Mercedes,78,1:49:27.661,2014
Canada,08 Jun 2014,Daniel Ricciardo RIC,Red Bull Racing Renault,70,1:39:12.830,2014
Austria,22 Jun 2014,Nico Rosberg ROS,Mercedes,71,1:27:54.976,2014
Great Britain,06 Jul 2014,Lewis Hamilton HAM,Mercedes,52,2:26:52.094,2014
Germany,20 Jul 2014,Nico Rosberg ROS,Mercedes,67,1:33:42.914,2014
Hungary,27 Jul 2014,Daniel Ricciardo RIC,Red Bull Racing Renault,70,1:53:05.058,2014
Belgium,24 Aug 2014,Daniel Ricciardo RIC,Red Bull Racing Renault,44,1:24:36.556,2014
Italy,07 Sep 2014,Lewis Hamilton HAM,Mercedes,53,1:19:10.236,2014
Singapore,21 Sep 2014,Lewis Hamilton HAM,Mercedes,60,2:00:04.795,2014
Japan,05 Oct 2014,Lewis Hamilton HAM,Mercedes,44,1:51:43.021,2014
Russia,21 Oct 2014,Lewis Hamilton HAM,Mercedes,53,1:31:50.744,2014
United States,02 Nov 2014,Lewis Hamilton HAM,Mercedes,56,1:40:04.785,2014
Brazil,09 Nov 2014,Nico Rosberg ROS,Mercedes,71,1:30:02.555,2014
Abu Dhabi,23 Nov 2014,Lewis Hamilton HAM,Mercedes,55,1:39:02.619,2014
Australia,15 Mar 2015,Lewis Hamilton HAM,Mercedes,58,1:31:54.067,2015
Malaysia,29 Mar 2015,Sebastian Vettel VET,Ferrari,56,1:41:05.793,2015
China,12 Apr 2015,Lewis Hamilton HAM,Mercedes,56,1:39:42.008,2015
Bahrain,19 Apr 2015,Lewis Hamilton HAM,Mercedes,57,1:35:05.809,2015
Spain,10 May 2015,Nico Rosberg ROS,Mercedes,66,1:41:12.555,2015
Monaco,24 May 2015,Nico Rosberg ROS,Mercedes,78,1:49:18.420,2015
Canada,07 Jun 2015,Lewis Hamilton HAM,Mercedes,70,1:31:53.145,2015
Austria,21 Jun 2015,Nico Rosberg ROS,Mercedes,71,1:30:16.930,2015
Great Britain,05 Jul 2015,Lewis Hamilton HAM,Mercedes,52,1:31:27.729,2015
Hungary,26 Jul 2015,Sebastian Vettel VET,Ferrari,69,1:46:09.985,2015
Belgium,23 Aug 2015,Lewis Hamilton HAM,Mercedes,43,1:23:40.387,2015
Italy,06 Sep 2015,Lewis Hamilton HAM,Mercedes,53,1:18:00.688,2015
Singapore,20 Sep 2015,Sebastian Vettel VET,Ferrari,61,2:01:22.118,2015
Japan,27 Sep 2015,Lewis Hamilton HAM,Mercedes,53,1:28:06.508,2015
Russia,11 Oct 2015,Lewis Hamilton HAM,Mercedes,53,1:37:11.024,2015
United States,25 Oct 2015,Lewis Hamilton HAM,Mercedes,56,1:50:52.703,2015
Mexico,01 Nov 2015,Nico Rosberg ROS,Mercedes,71,1:42:35.038,2015
Brazil,15 Nov 2015,Nico Rosberg ROS,Mercedes,71,1:31:09.090,2015
Abu Dhabi,29 Nov 2015,Nico Rosberg ROS,Mercedes,55,1:38:30.175,2015
Australia,20 Mar 2016,Nico Rosberg ROS,Mercedes,57,1:48:15.565,2016
Bahrain,03 Apr 2016,Nico Rosberg ROS,Mercedes,57,1:33:34.696,2016
China,17 Apr 2016,Nico Rosberg ROS,Mercedes,56,1:38:53.891,2016
Russia,01 May 2016,Nico Rosberg ROS,Mercedes,53,1:32:41.997,2016
Spain,15 May 2016,Max Verstappen VES,Red Bull Racing TAG Heuer,66,1:41:40.017,2016
Monaco,29 May 2016,Lewis Hamilton HAM,Mercedes,78,1:59:29.133,2016
Canada,12 Jun 2016,Lewis Hamilton HAM,Mercedes,70,1:31:05.296,2016
Europe,19 Jun 2016,Nico Rosberg ROS,Mercedes,51,1:32:52.366,2016
Austria,03 Jul 2016,Lewis Hamilton HAM,Mercedes,71,1:27:38.107,2016
Great Britain,10 Jul 2016,Lewis Hamilton HAM,Mercedes,52,1:34:55.831,2016
Hungary,24 Jul 2016,Lewis Hamilton HAM,Mercedes,70,1:40:30.115,2016
Germany,31 Jul 2016,Lewis Hamilton HAM,Mercedes,67,1:30:44.200,2016
Belgium,28 Aug 2016,Nico Rosberg ROS,Mercedes,44,1:44:51.058,2016
Italy,04 Sep 2016,Nico Rosberg ROS,Mercedes,53,1:17:28.089,2016
Singapore,18 Sep 2016,Nico Rosberg ROS,Mercedes,61,1:55:48.950,2016
Malaysia,02 Oct 2016,Daniel Ricciardo RIC,Red Bull Racing TAG Heuer,56,1:37:12.776,2016
Japan,09 Oct 2016,Nico Rosberg ROS,Mercedes,53,1:26:43.333,2016
United States,23 Oct 2016,Lewis Hamilton HAM,Mercedes,56,1:38:12.618,2016
Mexico,30 Oct 2016,Lewis Hamilton HAM,Mercedes,71,1:40:31.402,2016
Brazil,13 Nov 2016,Lewis Hamilton HAM,Mercedes,71,3:01:01.335,2016
Abu Dhabi,27 Nov 2016,Lewis Hamilton HAM,Mercedes,55,1:38:04.013,2016
Australia,26 Mar 2017,Sebastian Vettel VET,Ferrari,57,1:24:11.672,2017
China,09 Apr 2017,Lewis Hamilton HAM,Mercedes,56,1:37:36.158,2017
Bahrain,16 Apr 2017,Sebastian Vettel VET,Ferrari,57,1:33:53.374,2017
Russia,30 Apr 2017,Valtteri  Bottas BOT,Mercedes,52,1:28:08.743,2017
Spain,14 May 2017,Lewis Hamilton HAM,Mercedes,66,1:35:56.497,2017
Monaco,28 May 2017,Sebastian Vettel VET,Ferrari,78,1:44:44.340,2017
Canada,11 Jun 2017,Lewis Hamilton HAM,Mercedes,70,1:33:05.154,2017
Azerbaijan,25 Jun 2017,Daniel Ricciardo RIC,Red Bull Racing TAG Heuer,51,2:03:55.573,2017
Austria,09 Jul 2017,Valtteri  Bottas BOT,Mercedes,71,1:21:48.523,2017
Great Britain,16 Jul 2017,Lewis Hamilton HAM,Mercedes,51,1:21:27.430,2017
Hungary,30 Jul 2017,Sebastian Vettel VET,Ferrari,70,1:39:46.713,2017
Belgium,27 Aug 2017,Lewis Hamilton HAM,Mercedes,44,1:24:42.820,2017
Italy,03 Sep 2017,Lewis Hamilton HAM,Mercedes,53,1:15:32.312,2017
Singapore,17 Sep 2017,Lewis Hamilton HAM,Mercedes,58,2:03:23.544,2017
Malaysia,01 Oct 2017,Max Verstappen VER,Red Bull Racing TAG Heuer,56,1:30:01.290,2017
Japan,08 Oct 2017,Lewis Hamilton HAM,Mercedes,53,1:27:31.194,2017
United States,22 Oct 2017,Lewis Hamilton HAM,Mercedes,56,1:33:50.991,2017
Mexico,29 Oct 2017,Max Verstappen VER,Red Bull Racing TAG Heuer,71,1:36:26.552,2017
Brazil,12 Nov 2017,Sebastian Vettel VET,Ferrari,71,1:31:26.262,2017
Abu Dhabi,26 Nov 2017,Valtteri  Bottas BOT,Mercedes,55,1:34:14.062,2017
Australia,25 Mar 2018,Sebastian Vettel VET,Ferrari,58,1:29:33.283,2018
Bahrain,08 Apr 2018,Sebastian Vettel VET,Ferrari,57,1:32:01.940,2018
China,15 Apr 2018,Daniel Ricciardo RIC,Red Bull Racing TAG Heuer,56,1:35:36.380,2018
Azerbaijan,29 Apr 2018,Lewis Hamilton HAM,Mercedes,51,1:43:44.291,2018
Spain,13 May 2018,Lewis Hamilton HAM,Mercedes,66,1:35:29.972,2018
Monaco,27 May 2018,Daniel Ricciardo RIC,Red Bull Racing TAG Heuer,78,1:42:54.807,2018
Canada,10 Jun 2018,Sebastian Vettel VET,Ferrari,68,1:28:31.377,2018
France,24 Jun 2018,Lewis Hamilton HAM,Mercedes,53,1:30:11.385,2018
Austria,01 Jul 2018,Max Verstappen VER,Red Bull Racing TAG Heuer,71,1:21:56.024,2018
Great Britain,08 Jul 2018,Sebastian Vettel VET,Ferrari,52,1:27:29.784,2018
Germany,22 Jul 2018,Lewis Hamilton HAM,Mercedes,67,1:32:29.845,2018
Hungary,29 Jul 2018,Lewis Hamilton HAM,Mercedes,70,1:37:16.427,2018
Belgium,26 Aug 2018,Sebastian Vettel VET,Ferrari,44,1:23:34.476,2018
Italy,02 Sep 2018,Lewis Hamilton HAM,Mercedes,53,1:16:54.484,2018
Singapore,16 Sep 2018,Lewis Hamilton HAM,Mercedes,61,1:51:11.611,2018
Russia,30 Sep 2018,Lewis Hamilton HAM,Mercedes,53,1:27:25.181,2018
Japan,07 Oct 2018,Lewis Hamilton HAM,Mercedes,53,1:27:17.062,2018
United States,21 Oct 2018,Kimi Rikknen RAI,Ferrari,56,1:34:18.643,2018
Mexico,28 Oct 2018,Max Verstappen VER,Red Bull Racing TAG Heuer,71,1:38:28.851,2018
Brazil,11 Nov 2018,Lewis Hamilton HAM,Mercedes,71,1:27:09.066,2018
Abu Dhabi,25 Nov 2018,Lewis Hamilton HAM,Mercedes,55,1:39:40.382,2018
Australia,17 Mar 2019,Valtteri Bottas BOT,Mercedes,58,1:25:27.325,2019
Bahrain,31 Mar 2019,Lewis Hamilton HAM,Mercedes,57,1:34:21.295,2019
China,14 Apr 2019,Lewis Hamilton HAM,Mercedes,56,1:32:06.350,2019
Azerbaijan,28 Apr 2019,Valtteri Bottas BOT,Mercedes,51,1:31:52.942,2019
Spain,12 May 2019,Lewis Hamilton HAM,Mercedes,66,1:35:50.443,2019
Monaco,26 May 2019,Lewis Hamilton HAM,Mercedes,78,1:43:28.437,2019
Canada,09 Jun 2019,Lewis Hamilton HAM,Mercedes,70,1:29:07.084,2019
France,23 Jun 2019,Lewis Hamilton HAM,Mercedes,53,1:24:31.198,2019
Austria,30 Jun 2019,Max Verstappen VER,Red Bull Racing Honda,71,1:22:01.822,2019
Great Britain,14 Jul 2019,Lewis Hamilton HAM,Mercedes,52,1:21:08.452,2019
Germany,28 Jul 2019,Max Verstappen VER,Red Bull Racing Honda,64,1:44:31.275,2019
Hungary,04 Aug 2019,Lewis Hamilton HAM,Mercedes,70,1:35:03.796,2019
Belgium,01 Sep 2019,Charles Leclerc LEC,Ferrari,44,1:23:45.710,2019
Italy,08 Sep 2019,Charles Leclerc LEC,Ferrari,53,1:15:26.665,2019
Singapore,22 Sep 2019,Sebastian Vettel VET,Ferrari,61,1:58:33.667,2019
Russia,29 Sep 2019,Lewis Hamilton HAM,Mercedes,53,1:33:38.992,2019
Japan,13 Oct 2019,Valtteri Bottas BOT,Mercedes,52,1:21:46.755,2019
Mexico,27 Oct 2019,Lewis Hamilton HAM,Mercedes,71,1:36:48.904,2019
United States,03 Nov 2019,Valtteri Bottas BOT,Mercedes,56,1:33:55.653,2019
Brazil,17 Nov 2019,Max Verstappen VER,Red Bull Racing Honda,71,1:33:14.678,2019
Abu Dhabi,01 Dec 2019,Lewis Hamilton HAM,Mercedes,55,1:34:05.715,2019
Austria,05 Jul 2020,Valtteri Bottas BOT,Mercedes,71,1:30:55.739,2020
Styria,12 Jul 2020,Lewis Hamilton HAM,Mercedes,71,1:22:50.683,2020
Hungary,19 Jul 2020,Lewis Hamilton HAM,Mercedes,70,1:36:12.473,2020
Great Britain,02 Aug 2020,Lewis Hamilton HAM,Mercedes,52,1:28:01.283,2020
70th Anniversary,09 Aug 2020,Max Verstappen VER,Red Bull Racing Honda,52,1:19:41.993,2020
Spain,16 Aug 2020,Lewis Hamilton HAM,Mercedes,66,1:31:45.279,2020
Belgium,30 Aug 2020,Lewis Hamilton HAM,Mercedes,44,1:24:08.761,2020
Italy,06 Sep 2020,Pierre Gasly GAS,AlphaTauri Honda,53,1:47:06.056,2020
Tuscany,13 Sep 2020,Lewis Hamilton HAM,Mercedes,59,2:19:35.060,2020
Russia,27 Sep 2020,Valtteri Bottas BOT,Mercedes,53,1:34:00.364,2020
Eifel,11 Oct 2020,Lewis Hamilton HAM,Mercedes,60,1:35:49.641,2020
Portugal,25 Oct 2020,Lewis Hamilton HAM,Mercedes,66,1:29:56.828,2020
Emilia Romagna,01 Nov 2020,Lewis Hamilton HAM,Mercedes,63,1:28:32.430,2020
Turkey,15 Nov 2020,Lewis Hamilton HAM,Mercedes,58,1:42:19.313,2020
Bahrain,29 Nov 2020,Lewis Hamilton HAM,Mercedes,57,2:59:47.515,2020
Sakhir,06 Dec 2020,Sergio Perez PER,Racing Point BWT Mercedes,87,1:31:15.114,2020
Abu Dhabi,13 Dec 2020,Max Verstappen VER,Red Bull Racing Honda,55,1:36:28.645,2020
Bahrain,28 Mar 2021,Lewis Hamilton HAM,Mercedes,56,1:32:03.897,2021
Emilia Romagna,18 Apr 2021,Max Verstappen VER,Red Bull Racing Honda,63,2:02:34.598,2021
Portugal,02 May 2021,Lewis Hamilton HAM,Mercedes,66,1:34:31.421,2021
Spain,09 May 2021,Lewis Hamilton HAM,Mercedes,66,1:33:07.680,2021
Monaco,23 May 2021,Max Verstappen VER,Red Bull Racing Honda,78,1:38:56.820,2021
Azerbaijan,06 Jun 2021,Sergio Perez PER,Red Bull Racing Honda,51,2:13:36.410,2021
France,20 Jun 2021,Max Verstappen VER,Red Bull Racing Honda,53,1:27:25.770,2021
Styria,27 Jun 2021,Max Verstappen VER,Red Bull Racing Honda,71,1:22:18.925,2021
Austria,04 Jul 2021,Max Verstappen VER,Red Bull Racing Honda,71,1:23:54.543,2021
Great Britain,18 Jul 2021,Lewis Hamilton HAM,Mercedes,52,1:58:23.284,2021
Hungary,01 Aug 2021,Esteban Ocon OCO,Alpine Renault,70,2:04:43.199,2021
Belgium,29 Aug 2021,Max Verstappen VER,Red Bull Racing Honda,1,0:03:27.071,2021
Netherlands,05 Sep 2021,Max Verstappen VER,Red Bull Racing Honda,72,1:30:05.395,2021
Italy,12 Sep 2021,Daniel Ricciardo RIC,McLaren Mercedes,53,1:21:54.365,2021
Russia,26 Sep 2021,Lewis Hamilton HAM,Mercedes,53,1:30:41.001,2021
Turkey,10 Oct 2021,Valtteri Bottas BOT,Mercedes,58,1:31:04.103,2021
United States,24 Oct 2021,Max Verstappen VER,Red Bull Racing Honda,56,1:34:36.552,2021
Mexico,07 Nov 2021,Max Verstappen VER,Red Bull Racing Honda,71,1:38:39.086,2021
Brazil,14 Nov 2021,Lewis Hamilton HAM,Mercedes,71,1:32:22.851,2021
Qatar,21 Nov 2021,Lewis Hamilton HAM,Mercedes,57,1:24:28.471,2021
Saudi Arabia,05 Dec 2021,Lewis Hamilton HAM,Mercedes,50,2:06:15.118,2021
Abu Dhabi,12 Dec 2021,Max Verstappen VER,Red Bull Racing Honda,58,1:30:17.345,2021
Bahrain,20 Mar 2022,Charles Leclerc LEC,Ferrari,57,1:37:33.584,2022
Saudi Arabia,27 Mar 2022,Max Verstappen VER,Red Bull Racing RBPT,50,1:24:19.293,2022
Australia,10 Apr 2022,Charles Leclerc LEC,Ferrari,58,1:27:46.548,2022
Emilia Romagna,24 Apr 2022,Max Verstappen VER,Red Bull Racing RBPT,63,1:32:07.986,2022
Miami,08 May 2022,Max Verstappen VER,Red Bull Racing RBPT,57,1:34:24.258,2022
Spain,22 May 2022,Max Verstappen VER,Red Bull Racing RBPT,66,1:37:20.475,2022
Monaco,29 May 2022,Sergio Perez PER,Red Bull Racing RBPT,64,1:56:30.265,2022
Azerbaijan,12 Jun 2022,Max Verstappen VER,Red Bull Racing RBPT,51,1:34:05.941,2022
Canada,19 Jun 2022,Max Verstappen VER,Red Bull Racing RBPT,70,1:36:21.757,2022
Great Britain,03 Jul 2022,Carlos Sainz SAI,Ferrari,52,2:17:50.311,2022
Austria,10 Jul 2022,Charles Leclerc LEC,Ferrari,71,1:24:24.312,2022
France,24 Jul 2022,Max Verstappen VER,Red Bull Racing RBPT,53,1:30:02.112,2022
Hungary,31 Jul 2022,Max Verstappen VER,Red Bull Racing RBPT,70,1:39:35.912,2022
Belgium,28 Aug 2022,Max Verstappen VER,Red Bull Racing RBPT,44,1:25:52.894,2022
Netherlands,04 Sep 2022,Max Verstappen VER,Red Bull Racing RBPT,72,1:36:42.773,2022
Italy,11 Sep 2022,Max Verstappen VER,Red Bull Racing RBPT,53,1:20:27.511,2022
Singapore,02 Oct 2022,Sergio Perez PER,Red Bull Racing RBPT,59,2:02:20.238,2022
Japan,09 Oct 2022,Max Verstappen VER,Red Bull Racing RBPT,28,3:01:44.004,2022
United States,23 Oct 2022,Max Verstappen VER,Red Bull Racing RBPT,56,1:42:11.687,2022
Mexico,30 Oct 2022,Max Verstappen VER,Red Bull Racing RBPT,71,1:38:36.729,2022
Brazil,13 Nov 2022,George Russell RUS,Mercedes,71,1:38:34.044,2022
Abu Dhabi,20 Nov 2022,Max Verstappen VER,Red Bull Racing RBPT,58,1:27:45.914,2022
